CID,INTENSITY,PLEASANTNESS,BAKERY,SWEET,FRUIT,FISH,GARLIC,SPICES,COLD,SOUR,BURNT,ACID,WARM,MUSKY,SWEATY,AMMONIA,DECAYED,WOOD,GRASS,FLOWER,CHEMICAL
126,0.3091162330958204,0.5496433296073587,0.013281234774948034,0.3571927719858114,0.15622235830485132,0.018943674537336756,0.052341359200961814,0.1317626815176985,0.28485876114475334,0.20313816343913177,0.050346274317518536,0.11556800210566823,0.015098891373671292,0.2500779875394207,0.04816053511757229,0.10795243404201631,0.09773272872834356,0.10453910100466092,0.045222465355347116,0.3045032165853139,0.2705379570833563
176,0.1044936103565634,0.5435520917419308,0.05347722649505271,0.09796166180306876,0.03081738293082942,0.0,0.23401266727593076,0.3206537615853332,0.4138538686389222,0.43500097208257277,0.12201942142733135,0.14223317686522322,0.18901006981047797,0.20373542592597582,0.22968870594386293,0.2163050624635266,0.059650778669938655,0.14987635038206637,0.06581383605343782,0.13531643481774397,0.06430637993257363
177,0.3991269452741302,0.5048406721017134,0.17740451532424623,0.29451400238966907,0.044147928505790295,0.0,0.020549381421432877,0.08422946232135858,0.5035895955951916,0.2906653216879048,0.029220440394122624,0.18096785178362218,0.20450226360229745,0.10265964741312948,0.06252420348749191,0.22672064777652515,0.064061995478773,0.08509217205524378,0.13420860685670083,0.07181821601905777,0.3569927144319221
179,0.4784435033798218,0.32519152760505676,0.06284461170434952,0.13921210169792175,0.0926709920167923,0.11647297441959381,0.07853485643863678,0.1914873868227005,0.15015920996665955,0.46275565028190613,0.2137974202632904,0.07027028501033783,0.35517507791519165,0.5354357957839966,0.35193097591400146,0.14900042116641998,0.30840522050857544,0.14383389055728912,0.02604340761899948,0.08165471255779266,0.08712057769298553
180,0.15285995602607727,0.5133816003799438,0.05615680664777756,0.09957502037286758,0.03361715003848076,0.026338867843151093,0.195150226354599,0.23951749503612518,0.4245164394378662,0.31527575850486755,0.06045936048030853,0.20320658385753632,0.17760393023490906,0.13918174803256989,0.14566348493099213,0.19317586719989777,0.05125380679965019,0.2881878912448883,0.05918122082948685,0.0357334204018116,0.18660447001457214
240,0.8219088147404817,0.708648828325913,0.366734053546213,0.6349529170974411,0.7133595222034429,0.02735978112189866,0.0006640106241503266,0.24377781494082512,0.3979440905231685,0.06526056083688338,0.014243899807368081,0.09341958143561803,0.3170534629530282,0.09980618911287618,0.0026209815029899237,0.18437118437665592,0.004407161637693252,0.018612521150412648,0.05888744994678012,0.4455660748915989,0.37223730128696964
261,0.8943403573443796,0.17202688107156705,0.020189003436518783,0.014077186842014906,0.003651538862723005,0.25276447788090517,0.17149457724297948,0.2312012792287953,0.07827963972176984,0.6875658171929444,0.2623925974901509,0.44717907821939074,0.21404340349735856,0.6440297262426253,0.35183946487600637,0.7927350427485939,0.298159509202454,0.11227439368388706,0.05731825917726424,0.03151060281169273,0.38751292490161404
263,0.05771966871031772,0.4615755539330817,0.05393097265843602,0.12068600136518555,0.04406885758998435,0.04558139534865015,0.16918990703604106,0.18571736957533594,0.1565366716004963,0.5315838247735175,0.04949107733033171,0.1005288435384989,0.1894939355875758,0.24089024656581748,0.13870234113860822,0.2034188034222807,0.056539877300613495,0.0762774957685909,0.15568198395377295,0.0986418870630334,0.09499806126446103
264,0.3429420292377472,0.4041081964969635,0.04005686566233635,0.09170090407133102,0.057192642241716385,0.14683936536312103,0.24348630011081696,0.27209290862083435,0.043989136815071106,0.4611344039440155,0.1777999848127365,0.1301315277814865,0.2882322669029236,0.43582451343536377,0.1890852451324463,0.12396253645420074,0.20504365861415863,0.17942865192890167,0.09085164219141006,0.11003847420215607,0.04804595559835434
307,0.5654013752937317,0.47799208760261536,0.085023894906044,0.311485230922699,0.2033543735742569,0.18180246651172638,0.033569056540727615,0.268713116645813,0.5156870484352112,0.11231853812932968,0.15214265882968903,0.24511165916919708,0.32240620255470276,0.2239668071269989,0.07446169853210449,0.3961400091648102,0.09870854765176773,0.11345288902521133,0.0707855075597763,0.5048813223838806,0.2676050662994385
323,0.3817473351955414,0.551495373249054,0.26941752433776855,0.15248045325279236,0.11209851503372192,0.07298208028078079,0.06857330352067947,0.23288363218307495,0.5981194376945496,0.132044717669487,0.09013275057077408,0.3822091221809387,0.2694634795188904,0.2629232406616211,0.04549579694867134,0.34898313879966736,0.03059012070298195,0.2043190598487854,0.04260140284895897,0.3037261664867401,0.24833612143993378
325,0.22932111245567754,0.3454521651997898,0.05314575608151351,0.03540606864300672,0.0005690709915993741,0.32754010695296487,0.06950983943032589,0.9552777424448692,0.38262481593633185,0.1558933905201863,0.19683951210783177,0.6263677059068942,0.22933221803475629,0.2299126859236001,0.1474004256625809,0.5534188034282637,0.14143892916809817,0.24119366251013208,0.14488429149363935,0.05754110078676948,0.30485741477640693
326,0.5720740065046914,0.5682080137343049,0.11219288461726558,0.0635531306340863,0.03726753284507042,0.16212260999769304,0.21489236850761775,1.0,0.0,0.21798652064231377,0.13722928418810026,0.042869227194183686,0.5877304750394484,0.2788011246018034,0.0022400248891744756,0.05843768634587074,0.08263661007312885,0.306575374802596,0.06710430342835041,0.11622920025932434,0.13520654300957244
454,0.6755076784817742,0.34200236082295793,0.0004381891528497927,0.05078448718883153,0.0782472613458529,0.0013942544459587102,0.10913399734236325,0.14439198880447857,0.4230820664618003,0.3157391954537422,0.16457369464813829,0.26233756818605924,0.22605604349140263,0.43837299483184783,0.26354408027037907,0.0,0.03394748466257669,0.45428223349485136,0.12372355944602108,0.10891708363209937,0.0
460,0.6040472242358803,0.42486942879547596,0.08449366936213398,0.1509482014438564,0.02046207952625978,0.14487445390829737,0.0552770994871075,0.27253970197958455,0.3820724653425177,0.13847596271674684,0.2671044496112847,0.22730368602354803,0.22313214578027307,0.1957701115564845,0.07905922969128092,0.15568422020095188,0.078738703081227,0.18097629313754693,0.13673403763074174,0.22344685528154495,0.4002176387457939
527,0.4108308255672455,0.45649418234825134,0.05703015998005867,0.1177956834435463,0.04020829126238823,0.09223785251379013,0.12682582437992096,0.19771304726600647,0.4450013339519501,0.35626357793807983,0.12892183661460876,0.2292526215314865,0.20949216187000275,0.1650431901216507,0.1522182673215866,0.2801019251346588,0.14579646289348602,0.13433456420898438,0.10441694408655167,0.052741583436727524,0.21034178137779236
612,0.596774160861969,0.34067976474761963,0.05032869428396225,0.0807080790400505,0.010670233517885208,0.1129140704870224,0.09072507172822952,0.2246476709842682,0.2559153437614441,0.47123080492019653,0.2919328808784485,0.18621483445167542,0.3143078684806824,0.3593823313713074,0.3101626932621002,0.3573625981807709,0.21855224668979645,0.28606802225112915,0.024710891768336296,0.0653286948800087,0.19845691323280334
650,0.8594599451851781,0.27047445533865266,0.029844613776529454,0.04068962476142733,0.057902973395931145,0.0013964888280613003,0.09828740592930789,0.30167899259823777,0.3942241783699724,0.7995471777570431,0.17448777263898999,0.4378092321152357,0.3057762907112611,0.4283092246223539,0.2976588628783697,0.7603276353206895,0.08016359918134969,0.24527636773138278,0.06850230975089278,0.006165117941439587,0.5062605014821904
660,0.4390643537044525,0.5463513135910034,0.27052605152130127,0.31611719727516174,0.048646219074726105,-0.010391147807240486,0.02285224013030529,0.22346264123916626,0.5949240326881409,0.1343565434217453,0.17143064737319946,0.2635388970375061,0.36391618847846985,0.22350279986858368,0.027073580771684647,0.5425037145614624,0.03499825671315193,0.18507589399814606,0.028948554769158363,0.23469477891921997,0.39960771799087524
798,0.5235406756401062,0.5704363584518433,0.24075907468795776,0.3117407262325287,0.24204787611961365,0.06359696388244629,0.020361879840493202,0.32645633816719055,0.6419786810874939,0.13070563971996307,0.11022324115037918,0.47553908824920654,0.43486079573631287,0.10235780477523804,0.05338026583194733,0.4988868534564972,0.05366583913564682,0.3831528425216675,0.028940120711922646,0.2522221505641937,0.4661155641078949
957,0.6728370100818885,0.5717137776443838,0.0008777827581195877,0.17497537471988833,0.22430881585727702,0.002792977656189632,0.010845506861176227,0.04211473116212322,0.7451048919675504,0.22417333614264973,0.12491738268473146,0.4267357775690357,0.01965704726012197,0.30881390304632994,0.03545150501817206,0.45370370370946506,0.0343558282208589,0.22454878735948308,0.12372355944602108,0.297295687399405,0.5442597259879748
999,0.5337828993797302,0.5450823307037354,0.006842194590717554,0.32746627926826477,0.18882302939891815,-0.006413767114281654,0.02315746247768402,0.18263891339302063,0.28086209297180176,0.12064123153686523,0.056299470365047455,0.31194114685058594,0.20639744400978088,0.2687348425388336,0.06352699548006058,0.398999959230423,0.09490017592906952,0.27229899168014526,0.21423526108264923,0.7939437627792358,0.358201265335083
1031,0.14736077189445496,0.44005778431892395,0.09457214921712875,0.044213730841875076,0.022173937410116196,0.07920127362012863,0.11911042034626007,0.1881168633699417,0.41204166412353516,0.4920893609523773,0.16960453987121582,0.2873283624649048,0.28795650601387024,0.3138040006160736,0.13079595565795898,0.25138524174690247,0.16003070771694183,0.2889600992202759,0.1515052616596222,0.040447209030389786,0.1913764625787735
1032,0.20597786934464546,0.4298535577776195,0.028869299600770802,0.0703949513778104,0.061670434128325506,0.07323808076221652,0.14279917367394318,0.18583960734531194,0.1862948666049343,0.6502386970148105,0.0851876331070476,0.20583455666814504,0.19535707462472368,0.38456415368137936,0.16945373467365304,0.11965811966016511,0.03381049761374234,0.12283010590908915,0.03479482399864273,0.0663701585788395,0.2550873867300527
1060,0.7046886822110638,0.44413802734102426,0.17839565217535236,0.2892935983851704,0.0005333333333333334,0.08557236662071584,0.04707383798072004,0.24178737557081587,0.3143363866008574,0.27232556866307867,0.4873506939906132,0.24097023034630813,0.3397471629646787,0.2929167486007131,0.2363622742500213,0.0,0.04010012269938651,0.5256846023599714,0.0007146608315119319,0.021688062902258942,0.0
1068,0.5364724206555916,0.37844204676874016,0.051496588475000875,0.11879356133522884,0.12352634324381848,0.4558139534865014,0.1583444001758409,0.4101459124459201,0.3043015019872226,0.4054057848925114,0.013395020929791357,0.11361255595472615,0.11401087410870742,0.21405620943737835,0.231170568564347,0.1768281101671253,0.34115882754355825,0.13081406279338723,0.18789204959938116,0.05480104836944791,0.11526431433484603
1127,0.5757918953895569,0.547522246837616,0.02767558954656124,0.013438948430120945,-0.003077428787946701,0.1482512503862381,0.5323166251182556,0.47878310084342957,0.17702876031398773,0.3367498219013214,0.3828127682209015,0.2086310237646103,0.27343395352363586,0.3247096836566925,0.18923676013946533,0.31697359681129456,0.2456660270690918,0.40107491612434387,0.10929213464260101,0.026686135679483414,0.2767389714717865
1140,0.546911358833313,0.5099941492080688,0.13793237507343292,0.14785826206207275,0.1054452508687973,0.04751357436180115,0.04424850642681122,0.23460935056209564,0.2618299722671509,0.15177783370018005,0.2031956911087036,0.29860231280326843,0.3163715600967407,0.1896633803844452,0.02890259213745594,0.3553721010684967,0.11644307523965836,0.25866490602493286,0.0443214513361454,0.035252563655376434,0.5876407623291016
1146,0.22998879849910736,0.4421578645706177,0.10404308140277863,0.04617398977279663,-0.02125205658376217,-0.003180467989295721,0.054536182433366776,0.17620782554149628,0.4281204342842102,0.4369157552719116,0.1942775696516037,0.4015856683254242,0.2670036554336548,0.32797756791114807,0.13898666203022003,0.31153085827827454,0.044713057577610016,0.33068540692329407,0.07532911747694016,0.06764423102140427,0.3476293087005615
1183,0.8194875020625723,0.9999999999999998,1.0,0.9999999999999999,0.18592881164068858,0.001426201356362136,0.000692266395411534,0.5174095542590668,0.05837151412539887,0.0,0.04725007382786253,0.0,0.9999999999999999,0.014799210337469062,0.0006831281577063078,0.001272958719808085,0.0004177000391656442,0.11113511178001463,0.020702391483357264,0.19098748346253885,0.030318530191715203
1213,0.5333049893379211,0.6128972768783569,0.04830121621489525,0.31875863671302795,0.22925566136837006,0.01844719797372818,0.06907474249601364,0.3193255066871643,0.38909000158309937,0.10825775563716888,0.21144695580005646,0.28730449080467224,0.4179633557796478,0.1523377150297165,0.03401448205113411,0.07913440465927124,0.04820120707154274,0.4624801576137543,0.16442309319972992,0.36027705669403076,0.19267545640468597
2214,0.3331985442753285,0.5111659011830528,0.10488570148094485,0.15996072706022932,0.10814770419280126,0.01711441627634563,0.10660902489240012,0.4111992379018292,0.16075616003626023,0.2628475147463659,0.41782565285835116,0.15049748989513406,0.5427296807217571,0.23189798944387266,0.020493844730868165,0.1591198399745149,0.07142670669546013,0.46570903984558865,0.14134736253899738,0.13012334038067297,0.27893047775845997
2758,0.7483182436450483,0.6978497321740872,0.05916629314261094,0.18807658223476623,0.11667166117308293,0.001426201356362136,0.017998926280374517,0.23213391113987336,1.0,0.08150800336906004,0.049950078047322675,0.276637004547131,0.40554858496449353,0.10215256524244246,0.03962143314664478,0.2711402073140366,0.0396815037192638,0.001764049393379627,0.1970296568736602,0.439341170760023,0.577264814824874
2879,0.8637881715150705,0.35430871780046774,0.012288958613505695,0.06454905186119529,0.05320813771517997,0.04887710898315098,0.025080234616612376,0.17963222066478243,0.6235877617148766,0.1771535383335633,0.3377395902111064,0.39862623918706347,0.37785213066504164,0.47484950777647145,0.1705685618747352,0.7939814814751109,0.21308793456687117,0.2055485053574357,0.037047167518853535,0.07809149392490145,0.5937378829028814
2969,0.4956806234529175,0.30611042624041107,0.0004388913790492605,0.03854839412328982,0.0005216484089640063,0.08658230734342032,0.1301460823354162,0.11001399160336503,0.4367551739551273,0.2340722409467508,0.23000660938775952,0.5502473856921885,0.4553882615261589,0.3478071132581683,0.24080267558786148,0.4424857549913246,0.0556237218807362,0.9413776085847482,0.06780330658794399,0.06713128425232708,0.5038855499505788
3314,0.49351224303245544,0.6645947098731995,0.13206812739372253,0.3005310297012329,0.06615569442510605,-0.0057333181612193584,0.0333450511097908,0.28618308901786804,0.2748212218284607,0.10525035858154297,0.1446785032749176,0.15418076515197754,0.38714107871055603,0.08268080651760101,0.034628916531801224,0.21481269598007202,0.034566525369882584,0.24207578599452972,0.12324029952287674,0.41847628355026245,0.03871548920869827
3776,0.0,0.46114122639520727,0.11153004456105226,0.02215628395183119,0.0,0.051259354630637785,0.15311303804032636,0.28686552773832547,0.366346719075554,0.1655805540414504,0.1698223241736399,0.4055909911261607,0.31875251145119193,0.3172488669318738,0.15486917175175782,0.14077425842548333,0.06236015878674847,0.3755349855609892,0.09078817522521017,0.0,0.25146545629498496
4133,0.7715288838291804,0.6820278005919325,0.02321645825482649,0.3751585899957147,0.0858484238773083,0.0013679890560614172,0.0006640106241503266,0.4197440719081647,0.8249900053775977,0.09313910905498143,0.022660749693511287,0.12596197838732529,0.2560765000196052,0.0,0.028175551157278135,0.2930402930468896,0.032052084637055216,0.015228426395867538,0.14379493591741443,0.18923137518160887,0.43388910430817096
5634,0.41551145911216736,0.37474745512008667,0.015418048948049545,0.04253733158111572,0.027486899867653847,0.025638524442911148,0.10083167999982834,0.24237945675849915,0.23109063506126404,0.3571777939796448,0.3262093663215637,0.4293660819530487,0.23296111822128296,0.4376550614833832,0.32468172907829285,0.32565441727638245,0.06057889387011528,0.43242448568344116,0.0985330268740654,0.1602148860692978,0.08299201726913452
6050,0.7258605499820139,0.22781606916413288,0.014655155613641325,0.011829559651382578,0.004354630196682316,0.3337001130087536,0.16834112823890868,0.026830858007707403,0.20719346485469736,0.7183116003160419,0.10207189861733851,0.33777779178361844,0.2726346989544652,0.6156188248224117,0.4585720517828343,0.4318097361620823,0.28935716191411043,0.4433899801329375,0.12764405543479984,0.09649749821397997,0.17182258037455994
6054,0.7652937438595259,0.5790596744547792,0.005589147357799465,0.2732784617234069,0.13132764843067293,0.0013679890560614172,0.008632138114116929,0.24882947782090192,0.08547146987343583,0.13980537455281747,0.10035474864137851,0.23276779403166545,0.3609140854069223,0.3203655452981435,0.17298477919650018,0.37728937729704776,0.08013021159460122,0.3367174280826274,0.26567826255175986,0.9998395355268036,0.27956572314427114
6106,0.7983573079109192,0.3284248411655426,0.0013816200662404299,0.10503070801496506,0.016236957162618637,0.06235410273075104,0.07502453774213791,0.22473815083503723,0.2895643711090088,0.6592919826507568,0.1560254693031311,0.1873016059398651,0.45692870020866394,0.20316165685653687,0.26760339736938477,0.34350675344467163,0.1479107290506363,0.13947097957134247,0.12899671494960785,0.15565282106399536,0.24679574370384216
6184,0.6324275642947708,0.21013241272103284,0.004299344121303178,0.0011985897444707794,0.03321516399874804,0.18878248973848652,0.02656042496633843,0.15789954598364478,0.36669682845673696,0.45919656828163635,0.23178709686431503,0.29034280402629264,0.3256116331875509,0.5205940111069359,0.2509589789115822,0.644688644694781,0.24479779641717792,0.5516074449999727,0.062311138896316,0.005368265962533539,0.46839860410281214
6276,0.6895243230028393,0.25624204188678723,0.0006019081769824448,0.042070500028773335,0.03219315895336463,0.12448700410058348,0.07436918990548731,0.21683561291512393,0.48900753996516233,0.5225899626919193,0.12508733830879143,0.30169092193799274,0.06009440162230376,0.6825018290298329,0.5889345437280422,0.8478632478521003,0.2496056091092025,0.36480541454543475,0.07381473377118546,0.007515572347612715,0.14168282279932476
6305,0.5504811406135559,0.5940287113189697,0.043439485132694244,0.22675098478794098,0.07096094638109207,0.020011449232697487,0.02679605223238468,0.29412841796875,0.4964746832847595,0.1274230033159256,0.3036141097545624,0.1975587159395218,0.2713773548603058,0.132163405418396,0.013960322365164757,0.34877049922943115,0.042463332414627075,0.4126926064491272,0.2355632483959198,0.5036888122558594,0.4313350319862366
6501,0.3369179408100078,0.693001934955644,0.11363296795846949,0.4214949798900598,0.35434153745226915,0.16859428761189357,0.07493259285879912,0.11985899369135819,0.28485876114475334,0.15679329095665281,0.05960463858780812,0.010280963576679344,0.33099290689550276,0.18966163022943203,0.09534813013185658,0.2864542864604523,0.03034021193619632,0.14320873711720458,0.054903520988052235,0.4374120042482123,0.17617822270811864
6544,0.6071738004684448,0.5540823340415955,0.15000560879707336,0.3271826505661011,0.1686660349369049,0.06916188448667526,0.04763749614357948,0.4131908714771271,0.3431045711040497,0.10009945929050446,0.10408398509025574,0.1718536764383316,0.35095226764678955,0.19018888473510742,0.1042204275727272,0.3760802447795868,0.10743122547864914,0.40823549032211304,0.21789680421352386,0.26335474848747253,0.23407839238643646
6560,0.4370759760949795,0.39717443243746525,0.08286269236512395,0.10541596802133406,0.046739697444757436,0.0,0.041212926073966344,0.18874275434304952,0.4039455487875616,0.11701769166067619,0.12161269002005673,0.4270764992737993,0.22583763185343175,0.3193798051655207,0.3981270903052643,0.16752136752423114,0.01766871165644172,0.04698251550991569,0.06039387308551537,0.021920419347450357,0.3654258756576269
6561,0.29705044627189636,0.3962545096874237,0.1725195199251175,0.10413515567779541,0.0350702628493309,0.15863995254039764,0.14415831863880157,0.30334416031837463,0.405800461769104,0.2772112190723419,0.1097629964351654,0.32764533162117004,0.05644949898123741,0.32359540462493896,0.29951485991477966,0.2637646794319153,0.1631564050912857,0.13654091954231262,0.08859265595674515,0.06762199848890305,0.3792850077152252
6569,0.2841498999920599,0.4623737775098833,0.05010478878785383,0.10882870936069992,0.03519011969702661,0.09239472030276719,0.1697175262882246,0.3378934801207123,0.42476767326932996,0.2685511965233398,0.16805701934771247,0.28865141125367494,0.013990150752600246,0.2580241418952141,0.23169122299752984,0.22314622314825894,0.03714143591460123,0.23752686696738531,0.11788593845475678,0.11286053744943128,0.3615061358383003
6584,0.20549040750881642,0.26522733636159174,0.0,0.018951035625430636,0.009459224482754304,0.013406292749602984,0.17642024494284114,0.23045639282548155,0.28647898954646966,0.5222128615476441,0.04653007270478816,0.5061239284415433,0.11634059822609585,0.2341817372844624,0.3039464882986376,0.4533713200470662,0.11255623721815952,0.2561007708181709,0.014912067428373192,0.0029227225796490874,0.5366334927343556
6590,0.428661603606288,0.25391270196344806,0.032126848946919896,0.08265774524924771,0.11956181533646323,0.046922024623610434,0.07076693226988255,0.1863361982781041,0.08253273927809801,0.48154486099879423,0.11024454725827094,0.09828008046695985,0.35120591104751253,0.48164187342452264,0.38769230769645696,0.3455128205187268,0.2645398773006135,0.22593062605370676,0.0,0.08877769835673006,0.11684761535528708
6654,0.5624541640281677,0.5680325627326965,-0.000879706465639174,0.13838456571102142,0.0503101572394371,-0.032829005271196365,0.03222757205367088,0.422671914100647,0.7603059411048889,0.11805164813995361,0.08983545750379562,0.6262375116348267,0.47574031352996826,0.10757084935903549,0.009897659532725811,0.4376732110977173,0.06570766866207123,0.8723587393760681,0.20462332665920258,0.24965354800224304,0.6062597632408142
6736,0.44423404335975647,0.589546263217926,0.46407049894332886,0.2727189064025879,0.18705201148986816,0.10571105033159256,0.056815437972545624,0.30550193786621094,0.5289657711982727,0.13328130543231964,0.1411944329738617,0.3935509920120239,0.40324467420578003,0.2128663808107376,0.08443573862314224,0.16225162148475647,0.05231872946023941,0.1681496649980545,0.09276395291090012,0.39949244260787964,0.47859084606170654
6982,0.556606650352478,0.585340142250061,0.08078142255544662,0.19020719826221466,0.06774204969406128,0.038114700466394424,0.046425171196460724,0.8184757232666016,0.43462106585502625,0.2063383311033249,0.18876445293426514,0.1345379501581192,0.421406626701355,0.20650961995124817,0.05242283269762993,0.09371307492256165,0.051192957907915115,0.3958798944950104,0.16228388249874115,0.28543466329574585,0.11720038205385208
6989,0.7406021656097002,0.4709588383554133,0.02106678619470157,0.041300915518837605,0.013563693270735524,0.0013942544459587102,0.027792695882728126,0.8251035618494488,0.3152404740499192,0.14931286857759704,0.1758107072060892,0.19589684107240526,0.5099929178751431,0.16730628537859568,0.0006678260869636691,0.0,0.06789300613496933,0.3592752961022119,0.06640641867269557,0.022605432451945153,0.0
6997,0.902217417498792,0.31963022490776893,0.04213357238940314,0.1492244231740216,0.10322250966134584,0.0013679890560614172,0.0026560424966338425,0.09559570380153143,0.5839396980444386,0.1276842666320344,0.31984029567026934,0.626614239233458,0.3491466013337985,0.3351516474082381,0.014415398266589064,0.7728937729106479,0.04807812695558283,0.26057529610743524,0.045192694145281376,0.1878893086919619,1.0
6998,0.8328242895556431,0.3121761234086327,0.00044822949351101224,0.0599932419940672,0.08364132787230047,0.001426201356362136,0.028382922211384845,0.1812231809827095,0.7331794076269472,0.11562763268960072,0.5103007973510674,0.6889827283204534,0.3888191830394241,0.06811044899421737,0.05191773998503726,0.6517548645154148,0.024226602271411043,0.43924829894282147,0.0007138755683974147,0.05037032530822334,0.6831775469749961
7059,0.7129557136672707,0.39936506551245704,0.06454504706390041,0.11278857004533609,0.1012219891455399,0.0,0.023537057443666787,0.17683432493567394,0.3143331289040104,0.17944397641353574,0.13027520355564073,0.43931348206863785,0.08768994841438305,0.25180941593033535,0.0648971749796912,0.6899436261485461,0.01670800156642945,0.10760701299242628,0.08209569036318627,0.16440314510505566,0.4782242828767974
7119,0.7591469350496868,0.6599063962627499,0.04959472583406217,0.3731921537025759,0.13823682837683882,0.009775421796362071,0.005422753430750796,0.17963222066478243,0.36536385993797,0.04908645745611856,0.0105750165234694,0.3262228827184188,0.5471211487400615,0.07737033281542943,0.005351170568726167,0.7840099715433164,0.04539877300613497,0.11745628877686198,0.09925844881998326,0.5904812961580314,0.6115500193899679
7122,0.6599740970610306,0.5913656212381649,0.046862850922520634,0.31702698739846247,0.17782887802942096,0.034199726401870585,0.0006640106241503266,0.22104533198047943,0.7952307081957758,0.10041177380804521,0.09517514871217636,0.2769920770687058,0.30314643631734234,0.06592137182378296,0.033417514162230565,0.5360195360305303,0.02524101665177914,0.0,0.09380907724009864,0.3905413487667524,0.556417215982986
7128,0.368755966424942,0.6411773562431335,0.2199435830116272,0.3511810898780823,0.16964484751224518,0.007691024802625179,0.028746822848916054,0.3540169298648834,0.2440103143453598,0.13254283368587494,0.21543541550636292,0.07950957119464874,0.36371591687202454,0.0050134495832026005,0.008894044905900955,0.06261691451072693,0.04899222403764725,0.37690994143486023,0.006225020159035921,0.2516385316848755,0.12055683881044388
7150,0.18152391507073845,0.5068400364547118,0.09525851148835261,0.18738387276517568,0.17853983806197185,0.06411705228068078,0.03253652058385405,0.2788466050740081,0.2373085797456542,0.11727592396063666,0.1475904480015608,0.27467021151388665,0.4207747652614912,0.09388639099420441,0.06561000436404668,0.07023411371487581,0.101573753001227,0.39652762450987256,0.06272793581374975,0.42458899213230533,0.21064787498267434
7165,0.6684578634382069,0.6707766492506386,0.023407540216101006,0.4013544347559217,0.3800382542222222,0.0014895880832743245,0.030367419211488656,0.12777666733280302,0.7514845413056882,0.13879528222435322,0.04582507160074898,0.467054509402693,0.2724321142483774,0.041647520889647696,0.087045707915848,0.22336182336364724,0.041445126107484666,0.19345741680163353,0.11631412594359246,0.2878881740965366,0.5543664641830547
7194,0.11430111874389959,0.6191564409026793,0.0,0.17975691983079073,0.007248167366760564,0.0,0.025686726776709756,0.15154065455358348,0.32515128327690673,0.08591429078102511,0.00834869725555425,0.15729666155366737,0.11897686499519919,0.12252036568101407,0.012673825031092163,0.11336032388826257,0.0,0.1243654822313982,0.07416791431589838,0.847108837155229,0.20999571437507172
7284,0.49180838465690613,0.5425618886947632,0.04370511323213577,0.19117029011249542,0.03672587499022484,0.14759290218353271,0.08673278987407684,0.4515887200832367,0.10922156274318695,0.3462538421154022,0.31924882531166077,0.2515856921672821,0.2364167422056198,0.5798088908195496,0.656735360622406,0.22738011181354523,0.17979101836681366,0.12327694892883301,0.04663681983947754,0.10887588560581207,0.16437099874019623
7344,0.8478317856788635,0.20764696598052979,0.07114949077367783,0.2210964858531952,0.12434085458517075,0.12359747290611267,0.05689476802945137,0.1549975723028183,0.424524188041687,0.9463799595832825,0.1383933275938034,0.28950047492980957,0.3206455111503601,0.276322603225708,0.4534166157245636,0.7326341867446899,0.19632558524608612,0.22156035900115967,0.03492208942770958,0.126436248421669,0.44621381163597107
7363,0.5711987614631653,0.5132917761802673,0.20601415634155273,0.2353801727294922,0.16734449565410614,0.04414026811718941,0.05424841493368149,0.3175651431083679,0.2667730748653412,0.22411078214645386,0.18387091159820557,0.22756338119506836,0.22713318467140198,0.1877795159816742,0.08351487666368484,0.2926349937915802,0.059683848172426224,0.10173825919628143,0.046989332884550095,0.043714676052331924,0.34003642201423645
7410,0.8638089553116289,0.5886030617551757,0.02708586796431535,0.3131315707357048,0.22739612276932708,0.002735978112189866,0.04648074369214968,0.22778088248587336,0.527397033355231,0.0828361673224643,0.1443813480475282,0.469743197503278,0.22505313291487405,0.11890490431602542,0.015725889018067974,0.5482295482375766,0.0272442719411043,0.12013536378510768,0.05820271215888608,0.5166955988922091,0.6603334625887025
7460,0.6486637592315674,0.4620542824268341,0.033760420978069305,0.10194738209247589,0.12499672919511795,0.014839998446404934,0.0701838806271553,0.4513430893421173,0.5748223662376404,0.19327989220619202,0.21250683069229126,0.8371411561965942,0.2253611534833908,0.20193667709827423,0.0673627108335495,0.7256931066513062,0.05921097472310066,0.4185625910758972,0.12806406617164612,0.08363082259893417,0.536227285861969
7463,0.7081078112768109,0.4025070093728304,0.006449016182060101,0.07521150646269663,0.07869438855461659,0.012311901504887913,0.11752988047769877,0.47194458835487757,0.7461278677910873,0.25131956742520967,0.29976934594262816,0.8886222557193699,0.1715645689451763,0.15710233471628623,0.07862944508873451,0.9645909646318735,0.04567422060760736,0.5769881556611338,0.11572068652316768,0.02952546279426327,0.8809616130363284
7519,0.8024291982997274,0.31328889519328407,0.0017555655162181086,0.04221907521556182,0.027125717265727697,0.10334017328042404,0.05151615759001769,0.10399760143893869,0.32738975672990817,0.19942607413833627,0.3033707865200621,0.6200953295672728,0.24025279984418785,0.2490662422522803,0.10167224080483396,0.888710826245961,0.09938650306748467,0.6114636209710411,0.07339533187475826,0.06918632356614027,0.8882318728227107
7583,0.556944551983352,0.5713864918217493,0.05737337516814556,0.11247617165369218,0.06872440315743349,0.03280263119599397,0.06161170919146384,0.25758927621845523,0.5222049857585491,0.10804549283927184,0.0681751065239199,0.5019482755253488,0.1311863934185153,0.048199022507754666,0.030740767096302246,0.3627932351378256,0.03801070356417178,0.3192929401979815,0.09494545059400421,0.13152251608404453,0.47499030632230516
7593,0.8357820011674635,0.34123364934312045,0.04388913790492605,0.11991515833580843,0.0005216484089640063,0.0013964888280613003,0.07659639220890761,0.27331601038803066,0.23017605253214382,0.2507766428003306,0.2538003965658036,0.29981695271307307,0.34399832705213446,0.5528359281699599,0.3692307692347209,0.7790242165175902,0.13865030674846626,0.2280033840908967,0.030756139071439113,0.09590183464571182,0.3261600103476494
7600,0.3624438941478729,0.3991411030292511,0.03918619826436043,0.12863393127918243,0.04166938364505768,0.19091784954071045,0.09393013268709183,0.2325509637594223,0.22082915902137756,0.2354075014591217,0.18493463099002838,0.29082852602005005,0.3058467209339142,0.34112119674682617,0.23537269234657288,0.25385957956314087,0.12428116798400879,0.10502129048109055,0.18925732374191284,0.2700464129447937,0.07634355872869492
7601,0.24403626723850597,0.6247167210351043,0.021669296279870034,0.29293491402870414,0.17885195618153366,0.06128686730481003,0.07901819388994794,0.030597641414785166,0.35360586241252606,0.13314003791189122,0.08339246530160892,0.1101085742232553,0.35663649797057556,0.22105352004433093,0.11741859531898241,0.0,0.035898895705521475,0.2771609137008941,0.13995944566051047,0.306260042890404,0.0
7632,0.2470291593623451,0.7300347053913542,0.02106678619470157,0.31632008913135057,0.03723818466353678,0.012032147742768676,0.01418266932250198,0.28045591844445533,0.20073488221511482,0.12051893428918653,0.08948050231423113,0.1983214165295374,0.3529881499990969,0.137939115145599,0.05104053511760311,0.0,0.03674699386503068,0.5612365482138538,0.19787045951917687,0.929088205869299,0.0
7654,0.6256266086468104,0.60266700092564,0.0012898032364120201,0.27178022454768214,0.10577752227605634,0.0013679890560614172,0.05577689242992889,0.13011540014734782,0.49168587671517183,0.17556264291808818,0.09193789875682155,0.17102068186458116,0.18975068069550258,0.10227053946254606,0.0760084635877031,0.21489621490025468,0.03405533992834356,0.030456852791735076,0.11024278420323923,0.8260419250106595,0.28538193097717696
7655,0.45738092064857483,0.4936675429344177,0.06552546471357346,0.09553132206201553,0.031021956354379654,0.0176966805011034,0.08289004117250443,0.37049293518066406,0.181043803691864,0.18146488070487976,0.11865977197885513,0.19979186356067657,0.2363867610692978,0.23060256242752075,0.17416004836559296,0.16272835433483124,0.07126832753419876,0.39686042070388794,0.11252616345882416,0.28193891048431396,0.25947967171669006
7657,0.5593997836112976,0.42582398653030396,0.0981631726026535,0.17725466191768646,0.030527282506227493,0.11650283634662628,0.07572466135025024,0.17100897431373596,0.28944095969200134,0.22078515589237213,0.17079630494117737,0.42411449551582336,0.29604846239089966,0.48639383912086487,0.20573215186595917,0.28653448820114136,0.1188552975654602,0.19831210374832153,0.038619350641965866,0.18212412297725677,0.22987709939479828
7685,0.33347949385643005,0.4713970720767975,0.04850983992218971,0.16296419501304626,0.039380062371492386,0.15417706966400146,0.05085090547800064,0.2849477529525757,0.23274308443069458,0.15749667584896088,0.11505820602178574,0.24161051213741302,0.27422481775283813,0.171010360121727,0.10056375712156296,0.31137004494667053,0.07643377780914307,0.21172590553760529,0.22599002718925476,0.2409449964761734,0.09239255636930466
7710,0.4941006302833557,0.6158496737480164,0.08074510842561722,0.2565833032131195,0.16951902210712433,-0.0011695345165207982,0.03530802205204964,0.20640356838703156,0.43997639417648315,0.1534712314605713,0.0761960968375206,0.11144676804542542,0.39687275886535645,0.0881493017077446,0.07004259526729584,0.21943160891532898,0.034195344895124435,0.19802142679691315,0.38008856773376465,0.38993483781814575,0.19875924289226532
7714,0.4637548625469208,0.43961411714553833,0.02456139586865902,0.12812559306621552,0.05244606360793114,0.04468691349029541,0.0751289427280426,0.19203971326351166,0.2936083674430847,0.2429705709218979,0.18825788795948029,0.21575018763542175,0.37726330757141113,0.17808125913143158,0.21826280653476715,0.17583657801151276,0.05848655849695206,0.3070569634437561,0.09116668254137039,0.24589982628822327,0.16699856519699097
7731,0.7516984854853827,0.5192825894859407,0.025100851636195347,0.1924501597001615,0.07618286551486698,0.02567162441384813,0.011768528721833394,0.2540781913791766,0.5439229409576392,0.255265374896037,0.10125015820437543,0.2670677999870424,0.12895580649482324,0.22740186088290024,0.04645271472210251,0.2736861247542511,0.08019840751901841,0.16405659358554894,0.12492822446703117,0.41835353519300955,0.28580267792250635
7749,0.839855625940631,0.4284007724003065,0.07461153444027029,0.2899900489395165,0.24569640062597808,0.055859553123122324,0.09354249667858039,0.10313811712678814,0.46865342064581617,0.1882898062359498,0.20621282220971543,0.3577396378863533,0.2118592871386174,0.2081862638169474,0.04548494983433296,0.4499643874700849,0.18404907975460125,0.08636491821901243,0.05661925601767066,0.1500178699083633,0.5969044849513634
7762,0.8333814722861125,0.6870506360222614,0.16982409279410887,0.7560104812953767,0.7619047619154931,0.0013679890560614172,0.0006640106241503266,0.08717626566669487,0.35032921499579844,0.2979858329200761,0.04726384936150445,0.09592284273991002,0.33523957470335447,0.05298353249329903,0.0812504265929766,0.04029304029402211,0.08894453486920247,0.0423011844322284,0.012325280221684392,0.30599115986967257,0.20085304380814636
7765,0.43476391879128984,0.46569970906963454,0.07914279138100609,0.10763821819682923,0.05278517954553991,0.061596480200951036,0.05715875237844788,0.1405372992413519,0.35185739511918385,0.06468726519212194,0.17920365838444632,0.29528167092151875,0.2505830799373075,0.20335885680011304,0.05119768598101617,0.2360822360835228,0.01750953407391411,0.17926555997632376,0.16050623928186872,0.11374920310104719,0.5129895308280896
7770,0.7817769050598145,0.7860399484634399,0.17519940435886383,0.8256555795669556,0.8715968728065491,0.030230754986405373,0.011714400723576546,0.12350178509950638,0.3486449122428894,0.25622937083244324,0.02980446070432663,0.12891699373722076,0.304863303899765,0.051832206547260284,0.0971355065703392,-0.020903464406728745,0.06836128234863281,0.05370797961950302,0.11948668956756592,0.4408605694770813,0.0518849715590477
7793,0.6943532824516296,0.5980791449546814,0.05584220215678215,0.326377809047699,0.15663455426692963,0.0038762916810810566,0.09538451582193375,0.22287003695964813,0.3566844165325165,0.22354616224765778,0.26110363006591797,0.1775197982788086,0.18199896812438965,0.19746986031532288,0.13976819813251495,0.23269128799438477,0.09532204270362854,0.43287667632102966,0.3879506289958954,0.40195631980895996,0.3259935677051544
7799,0.5436101197216241,0.7829212773255868,0.03709586264682552,0.5353006023817979,0.6216234605821597,0.12094807589403167,0.07992667012891208,0.17301792836890884,0.26583868858511367,0.05530017215424331,0.0006896749906748414,0.04357203024669237,0.3182162578189719,0.05385409104016254,0.0013959575396537362,0.0026012634708991672,0.031581755135214724,0.10994629588392645,0.07585703865755174,0.32809149392818954,0.11358463846903817
7848,0.3645952343940735,0.5188499093055725,0.06001494079828262,0.11416474729776382,0.03460964560508728,0.08645296096801758,0.13533896207809448,0.16649958491325378,0.4316822290420532,0.3485937714576721,0.17472900450229645,0.24954292178153992,0.2086247354745865,0.2422761470079422,0.10757248848676682,0.22514855861663818,0.12018092721700668,0.10133053362369537,0.1512393057346344,0.07130223512649536,0.12422442436218262
7888,0.5772669315338135,0.4981575906276703,0.06832744926214218,0.2325240820646286,0.05023978278040886,0.20346412062644958,0.10459378361701965,0.4278148114681244,0.5602415800094604,0.20760434865951538,0.3855586051940918,0.412668377161026,0.46988070011138916,0.21467901766300201,0.29420098662376404,0.339244544506073,0.08235758543014526,0.3265223801136017,0.31180086731910706,0.4626670479774475,0.19168730080127716
7895,0.4382264018058777,0.4713112711906433,0.04240350425243378,0.15329338610172272,0.024775302037596703,0.10391458868980408,0.2101736217737198,0.2987462878227234,0.06658077985048294,0.3367456793785095,0.1588539481163025,0.23996026813983917,0.1987747848033905,0.3825628459453583,0.2798808217048645,0.13528430461883545,0.04953139275312424,0.19282063841819763,0.08754633367061615,0.17828424274921417,0.1691838949918747
7921,0.2324748864751906,0.5620873515256195,0.31600179292052355,0.22420394453516546,0.03634711494710485,0.05838224261954152,0.057726084907257655,0.3390804227070769,0.38128848386228503,0.09057803625506101,0.0,0.15476294177982508,0.26991450915310383,0.15422063471361833,0.121178120618822,0.3705541770123172,0.09562636057717792,0.04814147699277256,0.05628102868054349,0.012727985427371507,0.15506135161268153
7966,0.7021337747573853,0.4896472096443176,0.20486073195934296,0.16256563365459442,0.04776918515563011,0.044825710356235504,0.04124708101153374,0.20507243275642395,0.3590719699859619,0.15173454582691193,0.12991484999656677,0.31712132692337036,0.21056535840034485,0.311718612909317,0.25100961327552795,0.6651349067687988,0.12576180696487427,0.2616323232650757,0.04011128097772598,0.12281129509210587,0.541745662689209
7991,0.3949350301243615,0.2525687630423065,0.016077284201286145,0.08316004897743204,0.0645745819943662,0.3475052199557558,0.11559027049372975,0.09617177061995888,0.23881016441604289,0.49697933756213375,0.12940480745887012,0.22831023223535446,0.13277128412317812,0.6659096175130382,0.506108079577323,0.3085919928052751,0.26916370681717794,0.18327544749977537,0.0008829513609099431,0.019901433354666775,0.216995571527874
8025,0.38672447204589844,0.2737487554550171,0.016775766387581825,0.020484698936343193,0.018715616315603256,0.06346569210290909,0.1997840851545334,0.20255446434020996,0.15139424800872803,0.5550512671470642,0.08516798168420792,0.3662198781967163,0.17180243134498596,0.2553151249885559,0.23072989284992218,0.5381056070327759,0.18887318670749664,0.18788401782512665,0.056218117475509644,0.00964522548019886,0.40375441312789917
8030,0.5553309071255476,0.3210705968335475,0.03531784744331498,0.004450645742065907,0.0003682224063348983,0.42978997344433734,0.6899656276771718,0.5004220996684208,0.13903820484446122,0.3114438277586695,0.17495431748711127,0.14884718589988316,0.1830803421273536,0.30748206664652705,0.1893370057063742,0.26219205631559306,0.2511728617815951,0.24019607842486976,0.1046037671081097,0.0024176933103781362,0.06929270350998924
8042,0.11398930102586746,0.5223615169525146,0.024763744324445724,0.2416938990354538,0.31181761622428894,0.07493141293525696,0.1128113865852356,0.13653919100761414,0.24969573318958282,0.2763437330722809,0.22099772095680237,0.25794294476509094,0.20034551620483398,0.3967181444168091,0.16018721461296082,0.3606072664260864,0.12760816514492035,0.341971755027771,0.1196131706237793,0.338426411151886,0.24741141498088837
8048,0.011590349099389524,0.6792603689631048,0.038099282833117795,0.3908231691249768,0.40861596244131454,0.014264295485577573,0.022843891101923926,0.23476573255673988,0.31588208449764055,0.21798652064231377,0.05129940515586306,0.20182130960087816,0.2761736511858096,0.10343691648267563,0.008196923077010806,0.0,0.07059042944785276,0.17111032148610641,0.051398541210945003,0.38057684060369334,0.0
8051,0.7213982836848296,0.6085663964765889,0.07888879426329898,0.3586459786701205,0.38571017214397496,0.0014277701778327176,0.0387672642756621,0.14611233259817405,0.34225373210454835,0.23314966301820325,0.05265089226757596,0.40538752015685375,0.43566306983553515,0.16895154728001255,0.06216561872976231,0.0,0.14452417177914112,0.13936395938850482,0.05068388037943307,0.18469049321101952,0.0
8063,0.28952023416470296,0.46788235165956693,0.03620853877214333,0.19929363695619026,0.026604068857589987,0.2513679890550559,0.21047061752680588,0.43360983409254594,0.025115895234857973,0.5288739995839369,0.08228684732406914,0.1460662957371648,0.2915795343584759,0.41635969247380794,0.3080267558561395,0.33840811966390444,0.11288343558282209,0.10622884940598597,0.11323851203534133,0.20550393138131956,0.1727777239247385
8077,0.9226686765875265,0.20134245072411022,0.02622599914068672,0.0,0.0005110025230672927,0.9999999999999999,0.9521912350312428,0.5923425536578742,0.13457431026354244,0.35919742792700937,0.11265629847680272,0.19855655620770443,0.24537878722776235,0.5452375146036348,0.31386253498449623,0.5347985348074324,0.36098660322944787,0.10490693738841105,0.004793164530692322,0.03757786173970761,0.22877084142129372
8091,0.44379745697742745,0.8335227954609146,0.07900044823013089,0.5337844514894756,0.5796557120500783,0.006703146374801492,0.005693891102174458,0.15436338196841612,0.18825264259580982,0.20610783487976816,0.0015862524785362727,0.16165431248306053,0.41410846227990283,0.01976100935703814,0.001605351170585743,0.09273504273662796,0.00098159509202454,0.004145516074379941,0.08555798687114677,0.3222301644059091,0.27454439705429234
8103,0.6313878779693854,0.6873896774082093,0.051613626177018854,0.22985205704935463,0.1051643192488263,0.013406292749602984,0.04392430278820297,0.31319608234557583,0.4416158591675674,0.21204717776104098,0.1729015201604537,0.13507802163759897,0.129736511916805,0.2461731976254129,0.08668896321163014,0.562393162402776,0.13202453987730062,0.3751692047313846,0.416885485048627,0.3263402430335355,0.28309422256809386
8118,0.15250418808135147,0.4836493459757799,0.01448341550885733,0.060725425722922534,0.0297339593114241,0.19690492475979382,0.10065986055629846,0.012032780331740524,0.2506820682618724,0.1920018955367453,0.06444150694053608,0.234228029791821,0.1982085598728965,0.2739086906882888,0.20267558528645008,0.33840811966390444,0.22085889570552147,0.6477368866218657,0.10065645514252562,0.2856504646200342,0.2333389879808324
8129,0.7041150811758815,0.5662808330501808,0.010309278350647946,0.2494628660356864,0.16088968801001566,0.02567162441384813,0.04742024808463264,0.09783491606840641,0.5276344745564989,0.16554338669090243,0.09922515504136657,0.38537796544979525,0.19475812072539228,0.10279486932430643,0.05123461182877576,0.5486452082316009,0.05283905495361963,0.1658206429751976,0.26377702252024443,0.43689261328323287,0.4565970646805051
8130,0.681887686252594,0.5040299296379089,0.025241155177354813,0.24443139135837555,0.22589635848999023,0.006929368246346712,0.06955417990684509,0.12537479400634766,0.4362749457359314,0.2634487450122833,0.1572539210319519,0.33261215686798096,0.2917229235172272,0.3505956828594208,0.17722110450267792,0.11955757439136505,0.09567845612764359,0.3751903176307678,0.13969126343727112,0.2698337733745575,0.10436181724071503
8148,0.22050122916698456,0.5102856159210205,0.0007629023748449981,0.19345925748348236,0.2511802315711975,0.03571793809533119,0.07297004759311676,0.1776561439037323,0.47392961382865906,0.24402391910552979,0.11285647749900818,0.4318739175796509,0.12947538495063782,0.19489985704421997,0.11447694897651672,0.26120051741600037,0.10157890617847443,0.2678939998149872,0.06570422649383545,0.22381144762039185,0.11290948837995529
8174,0.5951654314994812,0.5441931486129761,0.04038729518651962,0.21540164947509766,0.21825560927391052,0.022971367463469505,0.06225607916712761,0.11242018640041351,0.5575023889541626,0.1883653700351715,0.16244059801101685,0.43207964301109314,0.12338575720787048,0.15093035995960236,0.13571672141551971,0.4998798072338104,0.036189544945955276,0.32565250992774963,0.05728663131594658,0.19728685915470123,0.3614674508571625
8180,0.5233700139261466,0.24355478655587232,0.0004381891528497927,0.03548949321355259,0.017214397496087636,0.020947332421254662,0.12268871181759684,0.16846029981747465,0.09346928100061991,0.4054470303324865,0.35624692663959023,0.4676210159966646,0.2566319252696137,0.6597527948623108,0.34381163879966625,0.0,0.05071509202453988,0.6390976311228579,0.0,0.036306790565000496,0.0
8186,0.7062129585401355,0.40362573180880235,0.0,0.09046628502708662,0.1109688433627543,0.013710981221489558,0.046586381744472175,0.10860756273306235,0.593070391508723,0.2146118940063068,0.18386108274087365,0.33272756928935804,0.26030695917144164,0.1386617130738475,0.21745211310573864,0.5017482517590043,0.09949804796466259,0.47485002306759977,0.08083018367536347,0.168139580219884,0.5315573337064161
8635,0.7955549564881328,0.7522009971381427,0.032039070670406414,0.543267044306284,0.49765258215962443,0.0013964888280613003,0.0006778441788194472,0.11173296022354062,0.5081464879795757,0.14250737152514872,0.08526107072132465,0.07749605814046176,0.21404340349735856,0.06919433712896662,0.02006688963232179,0.07852564102698335,0.012269938650306749,0.044909757472725714,0.10764648674852706,0.59801644031964,0.24778660980446904
8797,0.7538210863261161,0.5501783707734588,0.07179904682671107,0.3329083015110668,0.15125674682942097,0.20793433652267604,0.04249667994692236,0.5544550820572982,0.6062591709490326,0.10707838316403046,0.2149533970920286,0.24444968011699855,0.17049479766389528,0.3259103336007496,0.09894205173938668,0.40537240538043373,0.12099661950625766,0.23688663281815756,0.10681909525370334,0.21741477148721158,0.17060876308653614
8842,0.6943532824516296,0.5980791449546814,0.05584220215678215,0.326377809047699,0.15663455426692963,0.0038762916810810566,0.09538451582193375,0.22287003695964813,0.3566844165325165,0.22354616224765778,0.26110363006591797,0.1775197982788086,0.18199896812438965,0.19746986031532288,0.13976819813251495,0.23269128799438477,0.09532204270362854,0.43287667632102966,0.3879506289958954,0.40195631980895996,0.3259935677051544
8857,0.37561216695242217,0.4850292407444937,0.10533393097350785,0.07915980209098879,0.010310227377276996,0.14786352297080219,0.21340129677018935,0.10364369613393551,0.1519047245154431,0.14112443629695454,0.22020916760893813,0.24565222721383773,0.04124125601725937,0.32701566718703223,0.14448160535271687,0.16365007541476329,0.08949837603730061,0.19020603165143476,0.28321963358769725,0.18181053693951518,0.13858540702187844
8858,0.7418602705001831,0.12454759329557419,0.00195043976418674,0.03532111272215843,0.053695034235715866,0.10600761324167252,0.10270983725786209,0.184519425034523,0.18172858655452728,0.6817832589149475,0.0873103067278862,0.1905900537967682,0.37751302123069763,0.7654163837432861,0.5284762382507324,0.48094257712364197,0.19523288309574127,0.11316137760877609,0.03339926153421402,0.010232408531010151,0.20883393287658691
8892,0.9111960190418957,0.13001818773896046,0.0025796064727819064,0.029665096173834803,0.0005110025230672927,0.1764705882329283,0.11088977423456867,0.12253790582723259,0.3815764770549389,0.6925278957559682,0.17351659765206628,0.4705776179271389,0.2710532979313302,0.7146616010641951,0.621172616226046,1.0,0.37460873920000004,0.2098138747851131,0.01574896917189132,0.03220959577553004,0.3819309809958128
8918,0.29783207461763006,0.39748417395480745,0.010748360303363277,0.15761455139331915,0.15892178467605633,0.0013679890560614172,0.025232403718037776,0.15284788310356795,0.6404823627336461,0.36283376028572323,0.13207979821210394,0.45806131140567896,0.003610478068164273,0.23965807139249196,0.06159306531918762,0.6642246642164826,0.1502441467386503,0.2419627749503898,0.13420860685670083,0.17178451080304608,0.5354788677731254
9012,0.6279231309890747,0.48604321479797363,0.1067802757024765,0.1254141926765442,0.05038833990693092,-0.0065739089623093605,0.08076142519712448,0.1635698676109314,0.41947391629219055,0.3018327057361603,0.20556031167507172,0.4286268949508667,0.3289429247379303,0.45397210121154785,0.2797498404979706,0.25329363346099854,0.1209055557847023,0.282320499420166,0.10680287331342697,0.31732192635536194,0.2525756359100342
9017,0.2945118248462677,0.5087109804153442,0.05614564195275307,0.06274863332509995,0.09098558127880096,0.06808259338140488,0.08202452212572098,0.17063045501708984,0.3325476348400116,0.19899232685565948,0.29959121346473694,0.2395208477973938,0.14511898159980774,0.3155539929866791,0.15033623576164246,0.17167645692825317,0.17594242095947266,0.3265575170516968,0.4341808557510376,0.27722251415252686,0.15671588480472565
9609,0.4758724025497454,0.25712512644810853,0.018617159892938193,0.08950399231019583,0.004076136404882629,0.2915089237412113,0.3215818894905214,0.3639016589970224,0.04408528446253651,0.3982386708804343,0.16083862340632746,0.19690712046396408,0.21957988451181754,0.25352720591215244,0.10826786964557346,0.2685350824917698,0.20362391210797545,0.06555699838565893,0.11782267229939554,0.07264325016331075,0.11664878220340565
10430,0.7564851915787673,0.1145991294239711,0.0004388913790492605,0.011324176022810911,0.004694835680751174,0.10194368444787162,0.09422034085632613,0.032660403757345684,0.2727070481172987,0.9548362468502204,0.09914077990851704,0.22996900882163412,0.41935034154926865,1.0000000000000002,1.0,0.5284900284970683,0.3852760736196319,0.012091088549998458,0.052425237053398764,0.0006850131045934385,0.13537223730185696
10448,0.7866992504526001,0.24177627587303635,0.05847108005098722,0.004195064105464194,0.04139120436932708,0.6429548563589207,1.0,0.5797133964576823,0.17921325607273025,0.5294989942002025,0.24667844666275407,0.3328982461951679,0.5502636018948777,0.40846607025884235,0.25161422428844543,0.7032967033197146,0.3449605609030675,0.050761421319005726,0.021226871492490813,0.007381365698648019,0.19736331911600272
10560,0.5168586373329163,0.4303388297557831,0.05137714743614197,0.10872051119804382,0.03501393646001816,0.04633749648928642,0.16745857894420624,0.29470935463905334,0.3521513342857361,0.3959677815437317,0.15995660424232483,0.232433021068573,0.22814257442951202,0.3787914514541626,0.25036630034446716,0.257625550031662,0.11941856890916824,0.19968219101428986,0.0760694369673729,0.1099478155374527,0.2750724256038666
10722,0.8446042503475348,0.5634884828143688,0.19777077543861943,0.46115782367021885,0.27185226917057903,0.017783447332348355,0.015936387781971713,0.39448542074120063,0.4723402503800389,0.14162438921778941,0.04985274289543797,0.25196054877593904,0.32560981457519905,0.12260044409771086,0.049143010033970765,0.0,0.04006478527607362,0.057531472080244804,0.06368198395350454,0.3851735525408307,0.0
10821,0.48286205530166626,0.6665909290313721,0.4543667733669281,0.564674973487854,0.5447598695755005,0.11392650008201599,0.13818322122097015,0.20128557085990906,0.3729952275753021,0.1046932190656662,0.25694751739501953,0.09392163902521133,0.28967100381851196,0.1497231125831604,0.10407721251249313,0.15891997516155243,0.030303647741675377,0.26339077949523926,0.0581483356654644,0.42925092577934265,0.43495848774909973
10882,0.806248221528391,0.8347533901392531,0.1483452861217258,0.8601691786155545,0.9358372456964007,0.0013964888280613003,0.0006778441788194472,0.0704777133723303,0.286377725270451,0.18952716933720484,0.015862524785362726,0.0919767294317375,0.33635391978605655,0.03774819986846386,0.0006688963210666907,0.0024928774929400496,0.025357873211288347,0.03454596728677587,0.034251154873768785,0.5493805098817675,0.11241437249691222
10890,0.6073534917795887,0.637413860194827,0.10907913740858963,0.6078914242046374,0.6131803164694836,0.0014895880832743245,0.06868821012110814,0.30929975347812844,0.2735171623181568,0.26286155574493386,0.019740030843936447,0.08998918631340727,0.10585683968736415,0.06110219780618116,0.10987736900826625,0.2712250712277133,0.0702385821408589,0.0018424515885948824,0.05070102925660307,0.15928838058921477,0.22419542458412806
10925,0.7755108709383317,0.12097708398651916,0.0563214079908623,0.0038954166692914387,0.0025550126154616592,0.43502051983624473,0.32536520583854045,0.29682027517750614,0.030416770049152192,0.4076818596042023,0.935565237329127,0.357096438801961,0.2828207820096959,0.582202769833589,0.16577708006384778,0.467643467650729,0.2672342556662577,0.3062605752892341,0.05888744994678012,0.0,0.3668088406378577
10976,0.746397078037262,0.5599576234817505,0.07157114148139954,0.20586185157299042,0.1622205674648285,0.045413631945848465,0.031923335045576096,0.2004561871290207,0.4701114892959595,0.19640228152275085,0.1257268488407135,0.4555400013923645,0.15549491345882416,0.13949109613895416,0.30360275506973267,0.2951999008655548,0.1595565378665924,0.09764117002487183,0.1481257975101471,0.22615689039230347,0.2413932830095291
11002,0.3284008800983429,0.4182644188404083,0.003987311851233244,0.15219375491142273,0.021281979978084564,0.0789029449224472,0.11183847486972809,0.15551353991031647,0.5980072617530823,0.25411444902420044,0.14387905597686768,0.32122865319252014,0.21082580089569092,0.3378629684448242,0.21058931946754456,0.22655946016311646,0.10141531378030777,0.38251492381095886,0.028807224705815315,0.16934646666049957,0.0922071784734726
11086,0.7635479046675339,0.6528953551550933,0.05503160475436602,0.429994070809309,0.31579955926134584,0.0,0.053784860557315226,0.23030671392591176,0.3086661989047928,0.05253339752199143,0.1443813480475282,0.23276779403166545,0.4400771600906717,0.23288110793467331,0.0766637089613556,0.1709401709405289,0.05208463753619632,0.27749576987601526,0.04450795635403212,0.5764175577390401,0.4439705312198076
11124,0.2175988497966882,0.6632601769553467,0.05921452263606718,0.2866081280980642,0.043988732394366195,0.07065786593678253,0.10992138114049252,0.5307886308129143,0.28091431509683046,0.15859309182958578,0.2718075347021474,0.15052089094887716,0.21091225428220467,0.25557685051149276,0.14578193980089132,0.0,0.03661153374233129,0.42799966158328256,0.12786053975237888,0.1101961401010167,0.0
11173,0.41527265310287476,0.174563929438591,0.020502114668488503,0.0469873771071434,0.031214047223329544,0.1463189274072647,0.15956644713878632,0.1348114013671875,0.07357564568519592,0.4321456849575043,0.5319989919662476,0.30966874957084656,0.24902085959911346,0.5728073120117188,0.5576544404029846,0.48608526587486267,0.28420349955558777,0.10814577341079712,0.055984362959861755,0.04417574778199196,0.14334990084171295
11509,0.7893984913825989,0.21036994457244873,0.010278093628585339,0.07553798705339432,0.05282869562506676,0.10018369555473328,0.0835125520825386,0.14403767883777618,0.24891960620880127,0.6463673114776611,0.19323796033859253,0.27351832389831543,0.22966048121452332,0.457405149936676,0.24978652596473694,0.48671844601631165,0.23877176642417908,0.19106175005435944,0.016312161460518837,0.027203209698200226,0.5640241503715515
11552,0.6228535175323486,0.5148872137069702,0.04884256422519684,0.12228025496006012,0.02284104935824871,0.16804349422454834,0.10460939258337021,0.26047778129577637,0.06153120845556259,0.3408156931400299,0.618492841720581,0.3078724145889282,0.2870258092880249,0.581627607345581,0.6494628190994263,0.2322138547897339,0.18069377541542053,0.08440909534692764,0.06933436542749405,0.10249537974596024,0.2635182738304138
11980,0.37865423538573706,0.36533279513545475,0.053983639623922774,0.1709988035414879,0.1486697965571205,0.01675786593700373,0.045415559980545056,0.23034179492077028,0.2104295188689096,0.28171072029607097,0.12293456708656113,0.9999999999999999,0.4957944142100479,0.2220225642101196,0.09297658862868739,0.8500712250658133,0.0310838445801227,0.05009165256570064,0.1265195720877506,0.10549201810798137,0.8371704148930629
12020,0.6283320784568787,0.26459217071533203,0.04247244819998741,0.0917598307132721,0.046828847378492355,0.14048907160758972,0.14648547768592834,0.4656570255756378,0.18662960827350616,0.4536416828632355,0.23061610758304596,0.18148471415042877,0.2573375403881073,0.6033207178115845,0.5454733967781067,0.12778927385807037,0.24295714497566223,0.1294654756784439,0.05337028577923775,0.024476995691657066,0.054431330412626266
12178,0.7221849453984512,0.3750552819301302,0.02338181764487713,0.10651313863315853,0.06521178352175275,0.08618331053220443,0.0750842782706827,0.1420321433491986,0.27925027821180926,0.17425729283595626,0.16734092081181592,0.6942022944248099,0.026569415529088092,0.16923452104871045,0.045867176303367146,0.5279421433372298,0.033438953684417176,0.04555512169643731,0.021753592869574775,0.06612258363602107,0.9318161481838891
12180,0.8725110419626976,0.32118075237172594,0.020608812581874032,0.2786721155765721,0.2727087160688576,0.18215071670335642,0.057292568853611926,0.07974519635819427,0.06612792669431514,0.7170204388162394,0.10207189861733851,0.20534075713495495,0.2885882445575667,0.48633418400479594,0.22335320634138708,0.1781865477568921,0.2803947719460123,0.08110792319478666,0.010940919037172696,0.2723373838495126,0.22551713673341633
12232,0.5257896780967712,0.3911589980125427,0.09023728966712952,0.11378894001245499,0.02006852626800537,0.4942725896835327,0.7526050209999084,0.4007561206817627,0.5347855687141418,0.4234541654586792,0.08830299973487854,0.21855279803276062,0.21423852443695068,0.29104191064834595,0.21262842416763306,0.17584890127182007,0.38030245900154114,0.31029778718948364,0.12632545828819275,0.04733411222696304,0.23284220695495605
12265,0.4199262261390686,0.40477511286735535,0.08470192551612854,0.11804457753896713,0.009403977543115616,0.08004356920719147,0.08906706422567368,0.20819702744483948,0.3318612575531006,0.13952772319316864,0.07555382698774338,0.4450460970401764,0.1925424486398697,0.09902581572532654,0.15617552399635315,0.4176751375198364,0.10675148665904999,0.2561759352684021,0.023390475660562515,0.05860958993434906,0.5604866147041321
12348,0.5655198094962613,0.6823208579281328,0.12539793814534164,0.5391157487078915,0.512706103286385,0.09416580027321135,0.009295683930807102,0.22371345192530065,0.44977451929256873,0.20596529065061764,0.16919920687555007,0.1091354731122984,0.19438460894589416,0.09426269461404108,0.05962595317789567,0.0,0.0687116564417178,0.0019732656514048516,0.31714835886306975,0.4806819156581617,0.0
12367,0.683215320110321,0.5640491247177124,0.06928524374961853,0.2835118770599365,0.3457631766796112,0.019024793058633804,0.058751847594976425,0.273635596036911,0.6145336031913757,0.1569184809923172,0.1719067096710205,0.4376407265663147,0.07089132815599442,0.19836241006851196,0.06853481382131577,0.3091416358947754,0.054594311863183975,0.19786645472049713,0.05781782418489456,0.30774328112602234,0.1656465232372284
12741,0.4106447827689006,0.5673494593058399,0.07887796691480045,0.27969649169739447,0.1688685082065728,0.057678236248354255,0.1051761944443467,0.13747751348901366,0.3611602150223045,0.016325111185696826,0.193301464825838,0.2653684063648244,0.13424696617037787,0.11943502619099063,0.1105078945328215,0.3520174915564448,0.0588957055214724,0.252587258484897,0.042915542888819595,0.37927423243070146,0.20104240872555698
13187,0.6444809436798096,0.533920168876648,0.0746707171201706,0.25164151191711426,0.2892782688140869,0.039431773126125336,0.08817046880722046,0.29593268036842346,0.3978327810764313,0.14811700582504272,0.14440055191516876,0.2598365247249603,0.16434000432491302,0.21629562973976135,0.15986031293869019,0.07106255739927292,0.03541373834013939,0.21154460310935974,0.06475334614515305,0.3062666952610016,0.12760235369205475
14104,0.43309708678193726,0.47376702678774973,0.022046636715238387,0.035212058015264405,0.0,0.0,0.08852960252022068,0.6354187487289228,0.22551318590422767,0.0895309653046082,0.14018045159275805,0.47075226406331644,0.2780938856546919,0.04852764319848457,0.04480049778348951,0.1335718545022833,0.01597945498640491,0.5109589580070903,0.0382338473014974,0.08946589757017413,0.4383166361623969
14286,0.8600678713322805,0.5597217580738554,0.39596959357065326,0.09139246801191425,0.0005110025230672927,0.01641586867273701,0.07768924302542551,0.45678959970639615,0.24765963964195756,0.05980606227505521,0.27192899631959744,0.04251993491773992,0.532077490118342,0.16203103541260716,0.07797419971508202,0.14041514041693018,0.054488543884171785,0.4906937394131862,0.024650560443033265,0.010736531925067077,0.08220240403206834
15380,0.6157690044391928,0.2445388353560255,0.004729278533538829,0.011386602571995216,0.016352080738403756,0.503419972635964,0.8579017264223946,0.3380755220287165,0.2104605181318707,0.5852560906542168,0.16833699772286415,0.5089609579153797,0.23361130315463852,0.4497439386029829,0.34728004915956956,0.6813186813278859,0.3161136847312883,0.3570219966115563,0.041084267404496236,0.027512363058477592,0.3191159364042304
16666,0.5508695840835571,0.5684635639190674,0.04458288848400116,0.20005729794502258,0.08307540416717529,0.03329361975193024,0.07231888175010681,0.31394514441490173,0.5095002055168152,0.1443370133638382,0.12539125978946686,0.16478922963142395,0.3406638205051422,0.26345372200012207,0.04038408026099205,0.12510782480239868,0.060386378318071365,0.3199830949306488,0.08275707066059113,0.25105777382850647,0.16744983196258545
17100,0.6788048148155212,0.5814940333366394,0.0740773007273674,0.22196127474308014,0.053659144788980484,0.024612348526716232,0.05808747932314873,0.8319521546363831,0.4577839970588684,0.15653309226036072,0.17250628769397736,0.15360777080059052,0.39002498984336853,0.23672689497470856,0.02333989180624485,0.12816442549228668,0.05229533091187477,0.42384612560272217,0.12498729676008224,0.45734918117523193,0.179405078291893
17121,0.5540075236758406,0.38852297894163973,0.02106678619470157,0.09079998330780181,0.12007397923004695,0.025898520084216555,0.083559700590944,0.10954518197855562,0.36605429817294655,0.18221547829054335,0.11175869735055398,0.2871947632968722,0.08041519333733912,0.22167951543891823,0.06202493159022904,0.24067599067847312,0.12805354154993867,0.35802184278886595,0.16089781844904713,0.13077522906173647,0.18179174451097313
18458,0.8356438279151917,0.14796166121959686,0.04621550440788269,0.12196812033653259,0.04960992559790611,0.13738584518432617,0.08026769012212753,0.16083388030529022,0.28632664680480957,0.9236029982566833,0.13952142000198364,0.3669499456882477,0.3618444502353668,0.274091899394989,0.33632180094718933,0.7639625668525696,0.24576810002326965,0.24369612336158752,0.04704226553440094,0.03211540728807449,0.30910396575927734
18554,0.516981692873686,0.35927842708026675,0.005401740049918078,0.08478485788261944,0.0,0.0,0.05756461333966373,0.21169759682137676,0.2530773578483489,0.19818871103708122,0.2920331486116805,0.49605953428150495,0.22664407481875604,0.09846343411812253,0.06174427579250028,0.349769888240167,0.0724870221801227,0.12117662370945555,0.0060221810769978765,0.03035134986564991,0.6859347192921851
18827,0.6722654555787634,0.44921937879120877,0.10619379979713649,0.10607519238100221,0.044968222029420975,0.05198358413100417,0.01859229747653451,0.29345249992274647,0.8011825676321401,0.26828911851371207,0.22337024697658556,0.381294631408754,0.1726343402212155,0.34932166190902875,0.05045389393177744,0.311355311363442,0.11739075998429449,0.39255499153718176,0.1889876300626958,0.1536666131813038,0.3008918185379255
19310,0.7440511275528341,0.1865120059393813,0.008558381891597513,0.004594594020214373,0.0,0.6759005927701399,0.8839088092055472,0.39020587646921023,0.11777270704823825,0.48680365416502225,0.3010575016544726,0.2815031625457671,0.30359217435251995,0.3871147848224762,0.25183946488563846,0.3228276353311595,0.32719836401472396,0.09154681331198736,0.02656212010716721,0.029455563497879537,0.21928719142513073
20859,0.4709285795688629,0.5421907901763916,0.12168730050325394,0.3885482847690582,-0.011803140863776207,0.08884972333908081,0.061094071716070175,0.28258705139160156,0.36034083366394043,0.35545480251312256,0.47129085659980774,0.39041003584861755,0.23234903812408447,0.2627221345901489,0.051358167082071304,0.2910682260990143,0.03724931180477142,0.32053878903388977,0.05060811713337898,0.08486931025981903,0.613610565662384
22201,0.7504859566688538,0.4439747929573059,0.0947495773434639,0.24873954057693481,0.06098756566643715,0.03633731231093407,0.04626184329390526,0.35517311096191406,0.4027497172355652,0.27782803773880005,0.14502045512199402,0.3358129560947418,0.3946843147277832,0.25888773798942566,0.1931336522102356,0.320676326751709,0.057670991867780685,0.14679650962352753,0.02696598879992962,0.06251561641693115,0.48421511054039
22386,0.3018984409369179,0.3641825993053323,0.010232138054766554,0.05465632160496003,0.04864851330203443,0.011489192886409755,0.1273577025213799,0.28520027183234453,0.4702623074527598,0.1628367523182552,0.08973747521575401,0.31571093752400625,0.01516475672627543,0.30558073699785754,0.16145337792814934,0.0,0.10264736196319019,0.09238697123363135,0.09490561633871598,0.02442701929970917,0.0
22873,0.3209776699436049,0.4936233812990449,0.03630658897344398,0.24149670706198154,0.19338727399812208,0.04278604069019376,0.029767455002207913,0.23915608081430512,0.18557668025650062,0.18449873631078534,0.15255023836142817,0.1565869837053562,0.17468283841740564,0.2909899648213969,0.12091368391192953,0.24568103291787494,0.10191880955484664,0.15523634661243255,0.16347750515948498,0.28613143126878743,0.29671734880816747
23642,0.7229755854588401,0.13579444847276337,0.07308885006320735,0.01588131411311827,0.0035770176615962444,0.7729138166931344,0.23638778219946843,0.32628830864324576,0.11076687250350294,0.41859085673973734,0.7478047398677892,0.37378484749587804,0.3384488885419557,0.6308736892176826,0.176916251451258,0.9951159951195747,0.27765118317546017,0.27072758036360867,0.10408014409206151,0.007381365698648019,0.37650252036570053
24834,0.6817534813353754,0.7617359239893722,0.18646346929805305,0.5882589208910586,0.4720141178090767,0.001426201356362136,0.04153598372469204,0.21633402936724494,0.3360510841031004,0.11436394271454592,0.01080001687498533,0.11396052702971281,0.6966401784302995,0.043060589864918286,0.01912758841545555,0.1578468812514162,0.014201801331435584,0.007056197573435597,0.055682294334662825,0.6275303028059546,0.12652933266316085
24915,0.315952330827713,0.6849844455718994,0.03240041807293892,0.22185127437114716,0.10851259529590607,0.10266339778900146,0.06454908102750778,0.1821005642414093,0.3414124548435211,0.1321592777967453,0.10263732820749283,0.0818052664399147,0.3100162446498871,0.2420673817396164,0.12203531712293625,0.12119214981794357,0.061409156769514084,0.28825843334198,0.14361868798732758,0.6414455771446228,0.05937228724360466
26331,0.8540821369702113,0.42837461179103103,0.22829517284720277,0.13843711547943743,0.02452812110748044,0.025991792065502086,0.056440903055218,0.23030671392591176,0.1658215723299739,0.34040971065618036,0.5296140928330958,0.14932575056208008,0.489286638945729,0.37642951572219036,0.23392259914203534,0.09523809524008955,0.11057969199901842,0.4348561759669229,0.03081320055387546,0.0442881941912305,0.1907716169155093
31219,0.4743945896625519,0.6074519753456116,0.05094020813703537,0.24989007413387299,0.13997721672058105,0.08445238322019577,0.09796109050512314,0.19969426095485687,0.43553784489631653,0.17303240299224854,0.19099639356136322,0.2606654763221741,0.19465060532093048,0.1355799287557602,0.0797407478094101,0.18395064771175385,0.05507056415081024,0.19092462956905365,0.09198123216629028,0.5835959911346436,0.05185103043913841
31244,0.7566388389368125,0.687900243289058,0.09009412819476544,0.4320597254802275,0.21682815569577468,0.0,0.0,0.12241250993923147,0.449294707608403,0.06381634372423198,0.06615010336091104,0.13396886383531237,0.2003345880320015,0.14711385085820425,0.11134988970500442,0.25459174395563405,0.003759300352392638,0.2116859272055552,0.2512842000711927,0.3050203032593712,0.3286528672600292
31249,0.42549830567609503,0.6986352181361041,0.010309278350647946,0.5092221280165844,0.5013152199311424,0.001426201356362136,0.026306123025312926,0.3269332017756437,0.6990511923359646,0.24831508003472033,0.056700088595973044,0.17050582670073366,0.18360518611217388,0.07838731427687129,0.004098768946237847,0.20112747772907913,0.05221250489521473,0.2646074090027985,0.05639616990155039,0.33090505375694845,0.34805672658698283
31252,0.4419221848800119,0.4235566551891072,0.026056288188959668,0.07581868679288806,0.02899266946604069,0.017639858881268237,0.05651079890999785,0.04297421547014826,0.3232325917520121,0.13905577972138616,0.02170661286431415,0.3929326006313949,0.14242737751852946,0.21070195479670084,0.14448160535271687,0.40305892938381305,0.10487568614871165,0.1527295395859098,0.03178624899228821,0.0934502087979424,0.5119895512348321
31265,0.809048838566818,0.9216641392969146,0.3146851187833547,0.8512983659710031,1.0,0.022343821249114864,0.004067065072981756,0.3326204277366455,0.46561549239442085,0.10105570766725555,0.03370786516889579,0.13456693912134007,0.29485570890182955,0.02265405398481119,0.015384615384887062,0.008725071225020944,0.00245398773006135,0.03800056401487308,0.052425237053398764,0.2911305694579654,0.18485039421106372
31266,0.5787379071734536,0.8324460251173683,0.09260537875466918,0.6240215389170165,0.997390923317684,0.0013942544459587102,0.0006767596281441642,0.06618029182395407,0.3820700350023431,0.1245665964627739,0.03172504957072545,0.04001667361344793,0.26973662344302834,0.09875471242928563,0.05752615384676952,0.0,0.02413153374233129,0.0017245346869420551,0.06291028446407851,0.40210378842374933,0.0
31272,0.8095580416680468,0.6168355825209,0.008777827581195878,0.3343441121475916,0.19561815336463223,0.0013964888280613003,0.009489818503732553,0.04899060563457459,0.5567533400821034,0.05898536225725001,0.03304692663722985,0.5459883647097357,0.08627259630656581,0.0629051096780736,0.02073578595329216,0.46616809117805424,0.008179959100269939,0.02418217710082602,0.02446511062503126,0.2883905170373558,0.7041731291228174
31276,0.7370742559432983,0.5439333915710449,0.11317183822393417,0.498608261346817,0.47595319151878357,0.02159176394343376,0.036998577415943146,0.3027465045452118,0.4987998604774475,0.8592635989189148,0.1415313333272934,0.4393332302570343,0.27393797039985657,0.13393215835094452,0.3121086657047272,0.06665404886007309,0.11702901124954224,0.029393136501312256,0.11585503816604614,0.3737846314907074,0.16719959676265717
31277,0.47810491919517517,0.4071456789970398,0.00766266044229269,0.024711178615689278,0.002308595459908247,0.1827973574399948,0.1426328420639038,0.3979976773262024,0.5180459022521973,0.7228586673736572,0.25808390974998474,0.32035067677497864,0.2505418658256531,0.38251882791519165,0.3421603739261627,0.5404006242752075,0.15101271867752075,0.1707676649093628,0.04241412505507469,0.38961973786354065,0.44319528341293335
61016,0.7182601690292358,0.5572009086608887,0.05326910316944122,0.2403225600719452,0.18411724269390106,0.1346191167831421,0.07210060954093933,0.32146385312080383,0.3467700183391571,0.20270925760269165,0.07985655218362808,0.24503198266029358,0.21841205656528473,0.18823395669460297,0.36380717158317566,0.29745760560035706,0.07890874892473221,0.18159423768520355,0.20905868709087372,0.3862234055995941,0.1954983025789261
61072,0.33772969245910645,0.6852664351463318,0.049259260296821594,0.23616687953472137,0.1009083166718483,0.10915694385766983,0.09252647310495377,0.27656471729278564,0.345231831073761,0.17058496177196503,0.12328962236642838,0.1304592788219452,0.3332083225250244,0.2540700137615204,0.06357119977474213,0.09253337979316711,0.10982225835323334,0.296098530292511,0.23115654289722443,0.6816636323928833,0.043265342712402344
61138,0.8887495151658049,0.12122822575434383,0.00042993441213031775,0.02097532052673366,0.0005110025230672927,0.18057455540144768,0.1301460823354162,0.12169596201251126,0.003633402565826822,0.985252652043028,0.10164964862605844,0.29034280402629264,0.3748211120426082,0.8637547971422429,0.7797419971508202,0.6373626373442285,0.5312633028711657,0.0812182741099117,0.055463760997244246,0.008052398943800308,0.20085304380814636
61199,0.48744579598035653,0.6832719182874972,0.34160604074905826,0.41375317977218146,0.1367521367511737,0.03609386509498183,0.08559607722929408,0.24004735619690087,0.36113412905904047,0.0763560365513377,0.18839798668275903,0.10417718642253498,0.34223423306483236,0.14335884238774255,0.06273218420294564,0.17580539119531294,0.0018121755545128834,0.27806846283150477,0.13472479380666588,0.17553197339035484,0.16836579473259095
61293,0.6011848599833631,0.5469135277548204,0.02106678619470157,0.24511160272874738,0.2989364759937402,0.07934336525357313,0.07171314741083819,0.2521972530715361,0.3384254961157787,0.19435036019782617,0.21042124715199392,0.16351089795170518,0.37161179820400697,0.15217363401996528,0.396423452344042,0.09645909646318734,0.03405533992834356,0.22165820642975195,0.1924113190155869,0.36973931816900424,0.2520356727339172
61331,0.652504411992211,0.4499361792712314,0.03335574480757526,0.1740577044468203,0.03390714658403756,0.08797879616926957,0.03728142983458154,0.29566260243381143,0.3471362904004335,0.12951505897236448,0.16721744877797456,0.2487087010871854,0.3254333379713831,0.3723351003205756,0.20401337792967508,0.77154558403883,0.0834355828220859,0.08118302312355019,0.1558777048376539,0.4760841077110172,0.43382447976803884
61670,0.37275558487216537,0.5220504924079183,0.3255320057148631,0.06472384619885262,0.0,0.0,0.2045152722409035,0.33470774677395676,0.1720214259137732,0.1501083162853346,0.20319138891847396,0.13444525280697162,0.37785213066504164,0.29767298584726015,0.16206402293471106,0.03418803418870407,0.04861232836711657,0.278341793561957,0.006390886040923096,0.06889274651896121,0.05835595191905464
61771,0.536589333690772,0.5509474924474204,0.023261945316189477,0.24502371613993323,0.09702660406885759,0.0013942544459587102,0.0006767596281441642,0.4787327603360572,0.83472620586971,0.07074130160123919,0.1136803701267805,0.3705153379074781,0.2457130907515246,0.1427782983161884,0.03210702341171486,0.0,0.04499042944785277,0.20209390862602208,0.1866338439100996,0.3240122944988479,0.0
61832,0.6093579530715942,0.3856077790260315,0.05927704647183418,0.2352818101644516,0.1347166746854782,0.05486055463552475,0.06377877295017242,0.20661801099777222,0.41726651787757874,0.12197043746709824,0.32107722759246826,0.34466060996055603,0.21080607175827026,0.3521784543991089,0.10759992897510529,0.13558536767959595,0.07690753787755966,0.43583425879478455,0.22543169558048248,0.20848074555397034,0.07956879585981369
62240,0.34250324964523315,0.6454638838768005,0.060227539390325546,0.2797546982765198,0.10524062067270279,0.1616509109735489,0.15571807324886322,0.23517434298992157,0.23783107101917267,0.16034068167209625,0.13589464128017426,0.164208322763443,0.2967299818992615,0.26274627447128296,0.14559273421764374,0.11210818588733673,0.05029626935720444,0.31455329060554504,0.4098905324935913,0.6533386707305908,0.15372803807258606
62336,0.3725915253162384,0.5991610288619995,0.07251763343811035,0.3128663897514343,0.13931326568126678,0.0051908125169575214,0.041973523795604706,0.3655311167240143,0.23059390485286713,0.11723535507917404,0.12041826546192169,0.09051947295665741,0.3645437955856323,0.08904139697551727,0.046314992010593414,0.09751737117767334,0.05643562972545624,0.32266783714294434,0.12598928809165955,0.34848418831825256,0.15796247124671936
62351,0.6542410254478455,0.479989618062973,0.036453813314437866,0.14749103784561157,0.06630440056324005,0.06534446030855179,0.09664230793714523,0.2846638262271881,0.39862534403800964,0.3259192109107971,0.0765126496553421,0.3125002682209015,0.3582437038421631,0.3716135323047638,0.1721750646829605,0.286052405834198,0.19288216531276703,0.26073697209358215,0.08519838005304337,0.21993258595466614,0.15618714690208435
62378,0.2985864281654358,0.5931389331817627,0.032219212502241135,0.16672900319099426,0.058895111083984375,0.07315585017204285,0.11448594182729721,0.32668155431747437,0.32520169019699097,0.09471507370471954,0.46228426694869995,0.12013185024261475,0.2916901409626007,0.1291428953409195,0.03763546049594879,0.09243341535329819,0.03672594577074051,0.35618916153907776,0.462162047624588,0.08640987426042557,0.11472608894109726
62433,0.4687308073043823,0.6954085230827332,0.021896693855524063,0.4941920042037964,0.5185538530349731,0.056698672473430634,0.08295626193284988,0.19566377997398376,0.3229229748249054,0.1316477656364441,0.07264215499162674,0.1551923155784607,0.2647726535797119,0.18192310631275177,0.09137023985385895,0.05736216902732849,0.048403121531009674,0.09577301889657974,0.05311425030231476,0.38526520133018494,0.21855966746807098
62444,1.0,0.0,0.0008777827581195877,0.017747867934727383,0.03703703703787168,0.6940549475799148,0.27249335988977763,0.225184889064369,0.21802433950468914,1.0,0.2154659616689012,0.37307211337411966,0.22387192712741955,0.4182464607093777,0.4341137123685257,0.7154558404481276,1.0,0.17445713479958616,0.06710430342835041,0.03425065523131595,0.1575384515975312
62465,0.5406632423400879,0.6539942622184753,0.22097203135490417,0.306672066450119,0.12914887070655823,0.017703622579574585,0.027847997844219208,0.3515547215938568,0.38330429792404175,0.14505800604820251,0.23398663103580475,0.2863367795944214,0.4733150601387024,0.07724056392908096,0.04434313625097275,0.2601010501384735,0.05187641829252243,0.16856852173805237,0.12393016368150711,0.31383177638053894,0.4092567265033722
82227,0.5624541640281677,0.5680325627326965,-0.000879706465639174,0.13838456571102142,0.0503101572394371,-0.032829005271196365,0.03222757205367088,0.422671914100647,0.7603059411048889,0.11805164813995361,0.08983545750379562,0.6262375116348267,0.47574031352996826,0.10757084935903549,0.009897659532725811,0.4376732110977173,0.06570766866207123,0.8723587393760681,0.20462332665920258,0.24965354800224304,0.6062597632408142
82229,0.3823286294937134,0.6967299580574036,0.02682880498468876,0.428212970495224,0.09991735965013504,0.004886070266366005,0.02901971898972988,0.24858206510543823,0.674519956111908,0.11159653216600418,0.06702324748039246,0.44252821803092957,0.4560116231441498,0.18216513097286224,0.06129639223217964,0.45780932903289795,0.041928332298994064,0.6517820954322815,0.2022557109594345,0.2826167643070221,0.5544345378875732
84682,0.19925445318222046,0.4555775225162506,0.07988063246011734,0.11298007518053055,0.03351763263344765,-0.016296595335006714,0.08372984081506729,0.22716182470321655,0.3692322075366974,0.18277911841869354,0.10560381412506104,0.25074878334999084,0.166202113032341,0.32799166440963745,0.3376813530921936,0.1393195539712906,0.0210274551063776,0.09804701060056686,0.08257009834051132,0.03778776898980141,0.24714040756225586
89440,0.23013583741519938,0.7936221006229779,0.02702044316377695,0.4025177037376958,0.11430904266165885,0.0014572057336670703,0.03536578324204644,0.18826443264036702,0.35142901511078317,0.06627504486989692,0.020000574729411774,0.11645684126295718,0.2612393092409594,0.2802662793085373,0.006979787698268681,0.1898922333750409,0.08407575353521472,0.32623409107112966,0.2253829321653549,1.0,0.21436519042510976
91497,0.3172544836997986,0.6956166625022888,0.04986794292926788,0.3942338526248932,0.36888405680656433,0.05317894369363785,0.06051019951701164,0.29040345549583435,0.553511381149292,0.23116552829742432,0.04907447099685669,0.1616317182779312,0.3230537176132202,0.31054064631462097,0.05895214527845383,0.1649107038974762,0.04226096346974373,0.2306763231754303,0.1548391431570053,0.6917440891265869,0.21638120710849762
93009,0.3689694404602051,0.683203935623169,0.08677998185157776,0.41623711585998535,0.31679287552833557,0.11492227017879486,0.04036584123969078,0.26345518231391907,0.36689814925193787,0.1077089011669159,0.07123113423585892,0.15753896534442902,0.36107882857322693,0.1765664964914322,0.05316577106714249,0.08793959021568298,0.08430835604667664,0.3457128405570984,0.4409670829772949,0.5387954711914062,0.0827605277299881
93375,0.623807966709137,0.5234503746032715,0.04074150696396828,0.2629658579826355,0.19149157404899597,-0.005470773205161095,0.03426199033856392,0.43773123621940613,0.76802659034729,0.1065504252910614,0.14060495793819427,0.7567935585975647,0.4008576571941376,0.10623163729906082,0.048769738525152206,0.4899991452693939,0.0464848168194294,0.42628443241119385,0.1652253121137619,0.3421667814254761,0.4411869943141937
102861,0.3329955041408539,0.6792711019515991,0.03508070483803749,0.2344699203968048,0.09002222865819931,0.08588443696498871,0.06622667610645294,0.2165515422821045,0.2818320095539093,0.1303514838218689,0.09734702110290527,0.11601898819208145,0.2858099937438965,0.26545825600624084,0.1312975287437439,0.12146971374750137,0.07885797321796417,0.38415294885635376,0.35184383392333984,0.46793025732040405,0.087349534034729
111418,0.299092561006546,0.6318787932395935,0.12048798054456711,0.2229815572500229,0.1412639319896698,0.09546444565057755,0.06566672772169113,0.18218804895877838,0.49653059244155884,0.21849487721920013,0.1704312115907669,0.406036376953125,0.35223761200904846,0.31504103541374207,0.05120159313082695,0.12666106224060059,0.04878782480955124,0.33341047167778015,0.18885943293571472,0.4450465440750122,0.1507585048675537
439570,0.42531973123550415,0.4513547718524933,0.010398340411484241,0.06206199526786804,0.04822466894984245,0.012110183946788311,0.07748060673475266,0.849222719669342,0.5586826205253601,0.17893259227275848,0.19349835813045502,0.508163332939148,0.4914334714412689,0.17158392071723938,0.03550887852907181,0.14664605259895325,0.05992323160171509,0.34670791029930115,0.09052585810422897,0.14721380174160004,0.3306308686733246
440917,0.6404141187667847,0.46075794100761414,0.03305190056562424,0.08994654566049576,0.09331687539815903,0.043501175940036774,0.0789010301232338,0.46626219153404236,0.6489288806915283,0.20014677941799164,0.25107842683792114,0.8139467835426331,0.25702863931655884,0.20898348093032837,0.09089101105928421,0.7063903212547302,0.062177252024412155,0.4940049946308136,0.11883807927370071,0.12268909066915512,0.6981009244918823
440967,0.24659890029849812,0.5574614821388215,0.00042993441213031775,0.1189600321333473,0.04190220689327074,0.0013679890560614172,0.02656042496633843,0.4458443301108936,0.8354057594094627,0.13798720836455153,0.08611084883527943,0.3629373818466718,0.5395658890820675,0.06037658353928986,0.014415398266589064,0.5054945055009488,0.0745210967813497,1.0,0.34579258399371493,0.2596898659423276,0.6056611089517884
443158,0.7103874087333679,0.565346360206604,0.09300561994314194,0.29916566610336304,0.11903295665979385,0.050307441502809525,0.08153486996889114,0.49954456090927124,0.4321194887161255,0.8830649256706238,0.20255815982818604,0.39253121614456177,0.398330420255661,0.1919415444135666,0.30531924962997437,0.16911886632442474,0.0638093426823616,0.4080126881599426,0.3462781310081482,0.6098108291625977,0.2467726618051529
443162,0.6788048148155212,0.5814940333366394,0.0740773007273674,0.22196127474308014,0.053659144788980484,0.024612348526716232,0.05808747932314873,0.8319521546363831,0.4577839970588684,0.15653309226036072,0.17250628769397736,0.15360777080059052,0.39002498984336853,0.23672689497470856,0.02333989180624485,0.12816442549228668,0.05229533091187477,0.42384612560272217,0.12498729676008224,0.45734918117523193,0.179405078291893
444972,0.10507555674574681,0.407780986570984,0.005517491622321522,0.08849587612905777,0.056039943364006264,0.012767897857020103,0.061974324922866246,0.21585334513334517,0.10084710676650765,0.5404079913357376,0.16089132282205837,0.16364996802234866,0.2068670211645478,0.26820346292950165,0.2683229813679553,0.2279202279226995,0.09722465673423314,0.46587704454541656,0.05112708832604268,0.11429932945430424,0.2126147085352225
520296,0.2765629998002674,0.4972811666857945,0.027040949444951477,0.13578948440249786,0.08558148226103288,0.09504461277963729,0.13403104001789595,0.1091673354163232,0.2543887941538032,0.2543317531989131,0.20029396967720076,0.27191083024251045,0.2973984115331962,0.28594739845903017,0.19024609394611638,0.4768465365543051,0.04102188444269939,0.32916635097801744,0.05708873575202652,0.2232938239480197,0.18319029127460842
556940,0.7078153459073526,0.1853583234284389,0.03423352756639005,6.2426549184303585e-06,0.0005216484089640063,0.42034313725094247,0.34773406373994015,0.24065560663357288,0.1800502363039184,0.2990338037195811,1.0,0.30748319045695627,0.31888098888467575,0.3849135552042487,0.30635451505451616,0.444978632486239,0.15501022494822086,0.31782289903303174,0.1188305373221556,0.017125327615000362,0.2972647667003761
565690,0.28817427042546906,0.6563981219518332,0.051003798156036784,0.31653808894330104,0.1667078494347418,0.102311181511892,0.16353882714601736,0.1906245726209798,0.14863166249809867,0.16015607679693508,0.12940480745887012,0.10349850194682428,0.3700352931590122,0.20275766749015078,0.20193627882597392,0.2723796671183313,0.052179528575214726,0.03272775848233963,0.11036892011206526,0.3660133177744047,0.08549825513801493
637511,0.5654013752937317,0.47799208760261536,0.085023894906044,0.311485230922699,0.2033543735742569,0.18180246651172638,0.033569056540727615,0.268713116645813,0.5156870484352112,0.11231853812932968,0.15214265882968903,0.24511165916919708,0.32240620255470276,0.2239668071269989,0.07446169853210449,0.3961400091648102,0.09870854765176773,0.11345288902521133,0.0707855075597763,0.5048813223838806,0.2676050662994385
637563,0.5352241396903992,0.6933596730232239,0.1336507350206375,0.35881027579307556,0.17898091673851013,0.0290206391364336,0.036350067704916,0.16809873282909393,0.4450368583202362,0.1590244621038437,0.2539317309856415,0.11500141769647598,0.48880118131637573,0.08088283240795135,0.07555907219648361,0.09157241135835648,0.040572330355644226,0.13047100603580475,0.09252159297466278,0.5182182788848877,0.32852768898010254
637566,0.7594015365941907,0.674776081955239,0.04432802928538678,0.24074174429465578,0.20448617631799687,0.0,0.10032093846579877,0.24753148110602424,0.2727070481172987,0.16416122578077905,0.11302048909570941,0.1728981278407558,0.12995492355477586,0.24214809205720358,0.04816053511757229,0.19070512820838814,0.043762781186748465,0.4853708403780817,0.33482251398215845,0.49800452703643755,0.4310537029874919
637776,0.3386300439728853,0.6558044139934174,0.25338662284650876,0.3671763152490597,0.1697096157195618,0.0,0.02530618267640323,0.3535345459343427,0.24435305105809843,0.11157329402049937,0.2308878607654291,0.07636031921453344,0.36911566521959316,0.0035767307141841543,0.0,0.033238366572534,0.05126107702773006,0.37079338220658553,0.006524029499829392,0.2520848224955147,0.11610874154524126
638011,0.6621177792549133,0.6241543292999268,0.046075835824012756,0.27974459528923035,0.2280973643064499,0.012789781205356121,0.07125511020421982,0.2804218828678131,0.3672140836715698,0.1823035180568695,0.13848520815372467,0.2036183923482895,0.18081353604793549,0.19468848407268524,0.04657120257616043,0.17819254100322723,0.06740597635507584,0.43655264377593994,0.14172913134098053,0.514409065246582,0.29106608033180237
638014,0.4121226370334625,0.5956631898880005,0.06575527787208557,0.22024598717689514,0.07837474346160889,0.049862951040267944,0.09575700014829636,0.793262243270874,0.1714809089899063,0.2031387984752655,0.1676204949617386,0.15752962231636047,0.3764997720718384,0.1755499243736267,0.05580495670437813,0.057873889803886414,0.044250067323446274,0.38523003458976746,0.4485710561275482,0.6987122297286987,0.03875001519918442
778574,0.32758671878220097,0.47941917676899104,0.03862173913074639,0.23584701340925326,0.1371943661971831,0.006984678522543154,0.033893293492200764,0.2312012792287953,0.16789609293628904,0.26314928391151216,0.10641216127012731,0.2691533646228876,0.3876789070037601,0.3610154971734864,0.20200775919948638,0.0,0.13210699386503066,0.07945296108156594,0.1404996353031087,0.2815403859924078,0.0
1550470,0.7730253672991962,0.39071422057031185,0.0008784849843190555,0.10156175287444846,0.13928012519561817,0.01955307797529595,0.14370405046270815,0.269878073151805,0.2529605144540644,0.4042086773417411,0.14738823529567632,0.4727318411592534,0.10702344904264274,0.4044111665915916,0.3511705685656313,0.0,0.05644171779141104,0.15718138747618982,0.027959008023422202,0.06576125804202226,0.0
1712087,0.7815806865692139,0.43002840876579285,0.030717870220541954,0.11230145394802094,0.034850433468818665,0.16218876838684082,0.0958905816078186,0.2756456434726715,0.3890298306941986,0.1442679464817047,0.5016486644744873,0.23622335493564606,0.24994038045406342,0.2131994664669037,0.16043882071971893,0.35734105110168457,0.061299268156290054,0.3019167184829712,0.23790927231311798,0.06910551339387894,0.18142394721508026
5273467,0.0546644501273868,0.4163511995041393,0.011411175855533574,0.10125586278391523,0.06468440271173709,0.055859553123122324,0.09489818503732551,0.0,0.6858652909705567,0.22417333614264973,0.18109715796516693,0.1320115265400457,0.0,0.4232778426809599,0.1859531772605855,0.08475783476127792,0.20286298567852762,0.20382120698758338,0.0,0.17673338098793484,0.11874757658057629
5281167,0.7007222175598145,0.4295591115951538,0.030967650935053825,0.06384175270795822,0.14779166877269745,0.2550595700740814,0.054307691752910614,0.13187384605407715,0.3439292311668396,0.22891364991664886,0.2552837133407593,0.30823731422424316,0.21576537191867828,0.517305314540863,0.37685006856918335,0.6952916979789734,0.38594794273376465,0.3954293131828308,0.09993523359298706,0.19852875173091888,0.3715411424636841
5281168,0.6627404093742371,0.28319618105888367,-0.007911081425845623,0.06333176046609879,0.020528551191091537,0.16072142124176025,0.05859123915433884,0.23097580671310425,0.2591610550880432,0.36626100540161133,0.029926417395472527,0.30690690875053406,0.24915702641010284,0.5283594727516174,0.22804413735866547,0.580570638179779,0.3871634900569916,0.26000121235847473,0.05962524563074112,0.0023264260962605476,0.3514575958251953
5281515,0.4562927186489105,0.6724991202354431,0.052503809332847595,0.2895427644252777,0.07753454893827438,0.10575958341360092,0.08246947079896927,0.16434960067272186,0.5962679386138916,0.1392373889684677,0.08080577850341797,0.19488222897052765,0.2908760607242584,0.18291543424129486,0.07843570411205292,0.10516472905874252,0.11470235884189606,0.38243523240089417,0.4073339104652405,0.6827905178070068,0.13784213364124298
5283349,0.5762487649917603,0.4129895567893982,0.06198326125741005,0.27017173171043396,0.13682720065116882,0.00824267789721489,0.06918103247880936,0.33253446221351624,0.3010774850845337,0.1701810508966446,0.16358542442321777,0.3513965606689453,0.24758243560791016,0.27590981125831604,0.10712800174951553,0.14305579662322998,0.1225353330373764,0.34121885895729065,0.07548221200704575,0.2634332478046417,0.1915435940027237
5284503,0.6447697877883911,0.43459245562553406,0.03529098257422447,0.09455034136772156,0.15175509452819824,0.26049160957336426,0.060120802372694016,0.26391392946243286,0.3430376946926117,0.22668296098709106,0.2339513897895813,0.26886793971061707,0.21387267112731934,0.48739850521087646,0.19229577481746674,0.6209622621536255,0.35532358288764954,0.4097052216529846,0.10527167469263077,0.2542233169078827,0.3611029088497162
5318042,0.7366681098937988,0.4290715754032135,0.030967650935053825,0.0925852432847023,0.14978855848312378,0.2550595700740814,0.054307691752910614,0.15541189908981323,0.3439292311668396,0.22891364991664886,0.2432692050933838,0.30823731422424316,0.21622048318386078,0.517305314540863,0.23206378519535065,0.6952916979789734,0.38594794273376465,0.3954293131828308,0.1011001318693161,0.2433863878250122,0.36980271339416504
5323652,0.9336117506027222,0.3459893465042114,0.07316163182258606,0.2539268434047699,0.1415138840675354,0.06188457831740379,0.04627178981900215,0.351550430059433,0.3093341886997223,0.9437052607536316,0.08943767100572586,0.28946954011917114,0.2810061573982239,0.21611864864826202,0.3244340419769287,0.6747834086418152,0.09248564392328262,0.22843150794506073,0.028137659654021263,0.17492786049842834,0.385725200176239
5352438,0.5530833601951599,0.6073285937309265,0.0338810458779335,0.22543291747570038,0.17148277163505554,0.00759294256567955,0.07394375652074814,0.14006757736206055,0.4039459228515625,0.1625724583864212,0.10147528350353241,0.15075954794883728,0.19892577826976776,0.11123588681221008,0.03235583379864693,0.056343983858823776,0.08392106741666794,0.279659241437912,0.10924286395311356,0.2591852843761444,0.18777455389499664
5363233,0.587716583544971,0.3792930713606516,0.0,0.07311397440934052,0.009104225352112676,0.09597564979440774,0.05841932270830995,0.20893169697851202,0.7090653414779331,0.0917754844152668,0.46506067416222147,0.37082607607736345,0.22099238811719524,0.2772520440017185,0.08318608695741203,0.0,0.012046134969325155,0.8046032148764025,0.17919868709023837,0.05529864188753652,0.0
5363374,0.6620069146156311,0.637302577495575,0.10645165294408798,0.4581502377986908,0.28754663467407227,0.011695477180182934,0.051736392080783844,0.27388423681259155,0.5106001496315002,0.1896861344575882,0.08568339794874191,0.3196709454059601,0.2878578007221222,0.2670624554157257,0.19262424111366272,0.035403065383434296,0.07474728673696518,0.20976589620113373,0.19590702652931213,0.30363062024116516,0.12593872845172882
5364231,0.5249800086021423,0.5681248307228088,0.0633455440402031,0.19467054307460785,0.11121116578578949,0.018227586522698402,0.042528219521045685,0.25142261385917664,0.3522975444793701,0.1625138223171234,0.08870861679315567,0.1765899956226349,0.49529629945755005,0.09049826115369797,0.047614820301532745,0.049864329397678375,0.06858058273792267,0.3429441750049591,0.42703431844711304,0.3257000744342804,0.21596071124076843
5365049,0.6440338261946277,0.7580418631819184,0.05862062245582931,0.43156396280737525,0.677689324344288,0.0,0.007073156648734655,0.10037281978379942,0.5685748435097241,0.16634006080464253,0.04413919940192084,0.0302394428677326,0.15982034076821813,0.04597888449222234,0.039086811108378194,0.0,0.11053614297128835,0.0865151180765395,1.0,0.4481772694949094,0.1391928115044712
5366074,0.2975381314754486,0.5789551734924316,0.06822134554386139,0.2493610829114914,0.10313586890697479,0.0482184998691082,0.10323157906532288,0.41243672370910645,0.21457910537719727,0.17008942365646362,0.09928222000598907,0.10827453434467316,0.3213055431842804,0.2028028964996338,0.05338634178042412,0.012438733130693436,0.0754925012588501,0.4153335690498352,0.3992845118045807,0.6052402853965759,0.10898308455944061
5367698,0.4071470548565883,0.45319520417359604,0.034610623039275215,0.05039099017573997,0.010731768388106416,0.17236470588164557,0.08831387782075505,0.2011179532248928,0.3855478552701051,0.3678836562798767,0.21376655651250517,0.21719058302981512,0.2368228635106801,0.36379885767459896,0.25303545150772483,0.0,0.07058061349693252,0.17766852791577548,0.269215754924199,0.21607176554867255,0.0
5373603,0.6227115392684937,0.687019944190979,0.0646805390715599,0.24310588836669922,0.06770113110542297,0.02340877056121826,0.013777168467640877,0.23131699860095978,0.37941816449165344,0.09025263786315918,0.09854809939861298,0.1871773898601532,0.2963154911994934,0.10572199523448944,0.025788553059101105,0.6656228303909302,0.05485454946756363,0.1189693734049797,0.141283318400383,0.37468791007995605,0.3041279911994934
6259976,0.6749815940856934,0.688090443611145,0.062022898346185684,0.23853875696659088,0.07447988539934158,0.026695363223552704,0.013768545351922512,0.2234523892402649,0.38147711753845215,0.06279213726520538,0.09735006839036942,0.1746925562620163,0.28867411613464355,0.111321821808815,0.02596859261393547,0.6105117201805115,0.056149594485759735,0.11963419616222382,0.11478541046380997,0.3715257942676544,0.4549987316131592
